발생년,발생년월일시분,발생분,주야,요일,사망자수,사상자수,중상자수,경상자수,부상신고자수,발생지시도,발생지시군구,사고유형_대분류,사고유형_중분류,사고유형,법규위반_대분류,법규위반,도로형태_대분류,도로형태,당사자종별_1당_대분류,당사자종별_1당,당사자종별_2당_대분류,당사자종별_2당,발생위치X_UTMK,발생위치Y_UTMK,경도,위도
2016,2016-04-28,50,야간,목,1,1,0,0,0,충남,공주시,차대사람,횡단중,횡단중,운전자법규위반,보행자 보호의무 위반,단일로,횡단보도상,화물차,소형,보행자,보행자,949788,1832830,126.93938,36.49180377
2016,2016-05-02,51,주간,월,1,1,0,0,0,충북,충주시,차량단독,전도전복,전도전복,운전자법규위반,안전운전 의무 불이행,단일로,기타단일로,원동기장치자전거,원동기장치자전거,,,1032217,1885645,127.8619371,36.96868788
2016,2016-05-03,49,야간,화,1,1,0,0,0,부산,사상구,차대사람,횡단중,횡단중,운전자법규위반,안전운전 의무 불이행,교차로,교차로부근,화물차,소형,보행자,보행자,1135553,1687084,128.988512,35.16990062
2016,2016-05-03,0,주간,화,1,1,0,0,0,부산,진구,차대사람,횡단중,횡단중,운전자법규위반,보행자 보호의무 위반,단일로,횡단보도상,화물차,소형,보행자,보행자,1142090,1685067,129.0599246,35.15081647
2016,2016-04-30,39,주간,토,1,1,0,0,0,충북,괴산군,차량단독,전도전복,전도전복,운전자법규위반,안전운전 의무 불이행,단일로,기타단일로,이륜차,소형,,,1019134,1852105,127.7141155,36.66669381
2016,2016-04-17,40,주간,일,1,1,0,0,0,서울,성동구,차량단독,전도전복,전도전복,운전자법규위반,안전운전 의무 불이행,단일로,횡단보도부근,이륜차,중형,,,959625,1950969,127.0428704,37.55718693
2016,2016-04-09,45,주간,토,1,1,0,0,0,경북,봉화군,차대차,측면직각충돌,측면직각충돌,운전자법규위반,안전운전 의무 불이행,단일로,기타단일로,화물차,소형,이륜차,소형,1123028,1879454,128.8809624,36.90540395
2016,2016-04-15,0,야간,금,1,1,0,0,0,충남,아산시,차대차,기타,기타,운전자법규위반,신호위반,교차로,교차로내,승용차,중형,원동기장치자전거,원동기장치자전거,961072,1881073,127.0629065,36.927221
2016,2016-04-13,46,야간,수,1,1,0,0,0,경남,김해시,차대사람,기타,기타,운전자법규위반,안전운전 의무 불이행,단일로,기타단일로,승용차,중형,보행자,보행자,1123987,1697501,128.8631081,35.26529927
2016,2016-04-14,30,야간,목,1,1,0,0,0,전북,군산시,차대사람,횡단중,횡단중,운전자법규위반,보행자 보호의무 위반,교차로,교차로부근,화물차,소형,보행자,보행자,931271,1775334,126.737699,35.97233898
2016,2016-04-22,0,주간,금,1,6,3,2,0,충남,서산시,차대차,정면충돌,정면충돌,운전자법규위반,신호위반,교차로,교차로내,승용차,경형,승합차,소형,907230,1871980,126.459532,36.84150214
2016,2016-04-22,51,야간,금,1,1,0,0,0,전북,익산시,차대차,추돌,진행중 추돌,운전자법규위반,과속,단일로,기타단일로,승용차,중형,원동기장치자전거,원동기장치자전거,947699,1769377,126.9202912,35.91965247
2016,2016-04-21,15,주간,목,1,1,0,0,0,충북,충주시,차대차,측면직각충돌,측면직각충돌,운전자법규위반,안전운전 의무 불이행,단일로,기타단일로,화물차,소형,화물차,소형,1025941,1886475,127.7920633,36.97610629
2016,2016-04-25,40,야간,월,1,2,0,1,0,전남,장성군,차대차,추돌,진행중 추돌,운전자법규위반,기타(운전자법규위반),단일로,기타단일로,승용차,소형,농기계,농기계,937664,1704914,126.814052,35.33787522
2016,2016-04-22,35,주간,금,1,1,0,0,0,전북,남원시,차량단독,전도전복,전도전복,운전자법규위반,안전운전 의무 불이행,단일로,기타단일로,농기계,농기계,,,996087,1712795,127.4569021,35.41087572
2016,2016-04-22,50,주간,금,1,2,0,1,0,경기,고양시,차대차,추돌,진행중 추돌,운전자법규위반,안전운전 의무 불이행,단일로,기타단일로,화물차,소형,화물차,소형,938984,1955494,126.808807,37.59683422
2016,2016-04-28,15,주간,목,1,1,0,0,0,경북,포항시,차대사람,횡단중,횡단중,운전자법규위반,보행자 보호의무 위반,교차로,교차로부근,건설기계,건설기계,보행자,보행자,1167550,1781554,129.3593146,36.01642395
2016,2016-05-02,0,주간,월,1,1,0,0,0,전남,담양군,차량단독,전도전복,전도전복,운전자법규위반,안전운전 의무 불이행,단일로,기타단일로,승용차,중형,,,957407,1689908,127.0320756,35.20360761
2016,2016-05-02,46,야간,월,1,1,0,0,0,전북,전주시,차대차,측면직각충돌,측면직각충돌,운전자법규위반,안전운전 의무 불이행,단일로,기타단일로,자전거,자전거,승합차,대형,967276,1759613,127.1376804,35.83247235
2016,2016-05-01,14,야간,일,1,1,0,0,0,부산,북구,차대사람,횡단중,횡단중,운전자법규위반,안전운전 의무 불이행,단일로,횡단보도상,승용차,중형,보행자,보행자,1137713,1694035,129.0134875,35.23235291
2016,2016-04-05,54,야간,화,1,2,0,1,0,경기,남양주시,차대차,추돌,진행중 추돌,운전자법규위반,안전운전 의무 불이행,단일로,기타단일로,승용차,중형,건설기계,건설기계,975135,1972854,127.2177277,37.75499269
2016,2016-04-05,40,주간,화,1,2,1,0,0,경북,영천시,차대차,정면충돌,정면충돌,운전자법규위반,중앙선 침범,단일로,기타단일로,원동기장치자전거,원동기장치자전거,화물차,소형,1134114,1777451,128.9877045,35.98462224
2016,2016-04-11,10,주간,월,1,1,0,0,0,경북,군위군,차량단독,기타,기타,운전자법규위반,안전운전 의무 불이행,단일로,기타단일로,이륜차,소형,,,1095885,1803222,128.566852,36.2214368
2016,2016-04-11,20,야간,월,1,1,0,0,0,경기,의정부시,차대사람,횡단중,횡단중,운전자법규위반,보행자 보호의무 위반,단일로,기타단일로,승용차,경형,보행자,보행자,960496,1971228,127.0516352,37.73982237
2016,2016-02-07,40,야간,일,1,4,1,2,0,경기,용인시,차대사람,길가장자리구역통행중,길가장자리구역통행중,운전자법규위반,과속,단일로,기타단일로,승용차,대형,보행자,보행자,961820,1918879,127.0693807,37.2680359
2016,2016-05-12,25,주간,목,1,1,0,0,0,대구,북구,차대사람,횡단중,횡단중,운전자법규위반,안전운전 의무 불이행,단일로,기타단일로,승용차,경형,보행자,보행자,1099004,1765099,128.5972046,35.87739052
2016,2016-05-12,5,주간,목,1,3,1,1,0,경남,창원시(통합),차대사람,횡단중,횡단중,운전자법규위반,중앙선 침범,교차로,교차로부근,승용차,중형,보행자,보행자,1110194,1691218,128.7106584,35.21027087
2016,2016-05-17,40,야간,화,1,1,0,0,0,인천,남동구,차대차,측면직각충돌,측면직각충돌,운전자법규위반,안전운전 의무 불이행,단일로,기타단일로,승용차,중형,화물차,소형,929843,1932624,126.7074469,37.39005944
2016,2016-05-17,5,주간,화,1,1,0,0,0,인천,옹진군,차대차,기타,기타,운전자법규위반,안전운전 의무 불이행,단일로,기타단일로,화물차,소형,농기계,농기계,752398,1997371,124.6823224,37.9425497
2016,2016-05-16,30,주간,월,1,1,0,0,0,경북,의성군,차량단독,전도전복,전도전복,운전자법규위반,안전운전 의무 불이행,단일로,교량위,화물차,소형,,,1076851,1823023,128.3570482,36.40163287
2016,2016-05-14,4,주간,토,1,1,0,0,0,충북,보은군,차량단독,전도전복,전도전복,운전자법규위반,안전운전 의무 불이행,단일로,기타단일로,이륜차,소형,,,1024578,1828827,127.7742922,36.45671773
2016,2016-05-13,30,야간,금,1,1,0,0,0,서울,관악구,차대사람,기타,기타,운전자법규위반,안전운전 의무 불이행,교차로,교차로부근,승용차,대형,보행자,보행자,952786,1942059,126.966014,37.47655371
2016,2016-05-20,31,야간,금,1,1,0,0,0,경남,김해시,차량단독,전도전복,전도전복,운전자법규위반,안전운전 의무 불이행,단일로,기타단일로,자전거,자전거,,,1128277,1693526,128.9096393,35.2289268
2016,2016-05-17,30,야간,화,1,2,0,1,0,광주,서구,차대차,추돌,진행중 추돌,운전자법규위반,안전운전 의무 불이행,단일로,기타단일로,화물차,대형,화물차,소형,939585,1685363,126.8366271,35.16171247
2016,2016-05-24,6,주간,화,1,1,0,0,0,전남,강진군,차대차,측면직각충돌,측면직각충돌,운전자법규위반,교차로 통행방법 위반,교차로,교차로내,원동기장치자전거,원동기장치자전거,화물차,소형,937573,1619767,126.8194268,34.57011048
2016,2016-05-24,6,야간,화,1,1,0,0,0,경기,수원시,차대사람,횡단중,횡단중,운전자법규위반,안전운전 의무 불이행,단일로,기타단일로,승용차,경형,보행자,보행자,956869,1916562,127.0136761,37.24693486
2016,2016-05-23,55,주간,월,1,1,0,0,0,인천,남구,차대사람,횡단중,횡단중,운전자법규위반,신호위반,교차로,교차로부근,화물차,대형,보행자,보행자,924808,1938541,126.6499703,37.4429933
2016,2016-05-23,50,주간,월,1,1,0,0,0,전북,남원시,차대차,측면직각충돌,측면직각충돌,운전자법규위반,안전운전 의무 불이행,단일로,기타단일로,이륜차,소형,승용차,소형,995254,1714209,127.4477191,35.42362187
2016,2016-05-22,1,야간,일,1,1,0,0,0,경북,구미시,차량단독,전도전복,전도전복,운전자법규위반,안전운전 의무 불이행,교차로,교차로내,승용차,경형,,,1080865,1793616,128.3987646,36.13621614
2016,2016-05-23,50,야간,월,1,1,0,0,0,서울,동작구,차대사람,횡단중,횡단중,운전자법규위반,안전운전 의무 불이행,단일로,횡단보도상,승용차,중형,보행자,보행자,949382,1944133,126.9273741,37.49506691
2016,2016-05-27,5,주간,금,1,1,0,0,0,경남,창원시(통합),차대사람,횡단중,횡단중,운전자법규위반,안전운전 의무 불이행,단일로,기타단일로,승용차,경형,보행자,보행자,1108717,1690927,128.6943959,35.20780861
2016,2016-05-26,0,주간,목,1,1,0,0,0,서울,노원구,차대사람,기타,기타,운전자법규위반,안전운전 의무 불이행,단일로,기타단일로,승합차,대형,보행자,보행자,960939,1963224,127.0570926,37.66770066
2016,2016-05-30,50,야간,월,1,1,0,0,0,인천,남동구,차대사람,횡단중,횡단중,운전자법규위반,안전운전 의무 불이행,교차로,교차로부근,승용차,대형,보행자,보행자,929609,1939272,126.7041698,37.44995958
2016,2016-05-29,25,주간,일,1,1,0,0,0,전북,군산시,차량단독,전도전복,전도전복,운전자법규위반,안전운전 의무 불이행,단일로,기타단일로,승용차,중형,,,915522,1773013,126.5622456,35.95073244
2016,2016-05-30,25,주간,월,1,1,0,0,0,제주,제주시,차대차,추돌,진행중 추돌,운전자법규위반,안전운전 의무 불이행,단일로,기타단일로,승용차,경형,이륜차,소형,922237,1505183,126.6636167,33.53698809
2016,2016-05-06,20,주간,금,1,2,1,0,0,경남,합천군,차대차,정면충돌,정면충돌,운전자법규위반,중앙선 침범,단일로,기타단일로,이륜차,소형,승합차,대형,1056465,1741857,128.1239177,35.6713083
2016,2016-05-07,0,야간,토,1,3,0,2,0,경기,남양주시,차대차,정면충돌,정면충돌,운전자법규위반,신호위반,교차로,교차로내,이륜차,소형,승합차,대형,970814,1967333,127.1619453,37.69835606
2016,2016-05-05,52,주간,목,1,1,0,0,0,경남,산청군,차대차,측면직각충돌,측면직각충돌,운전자법규위반,교차로 통행방법 위반,교차로,교차로내,승용차,중형,이륜차,소형,1038945,1697237,127.9281959,35.26984024
2016,2016-05-05,15,주간,목,1,3,0,2,0,경북,영덕군,차대차,정면충돌,정면충돌,운전자법규위반,중앙선 침범,단일로,기타단일로,화물차,소형,화물차,중형,1151870,1832676,129.1953085,36.47968778
2016,2016-05-10,20,야간,화,1,2,1,0,0,충남,서산시,차량단독,공작물충돌,공작물충돌,운전자법규위반,안전운전 의무 불이행,단일로,기타단일로,승용차,중형,,,910151,1860123,126.4936866,36.73491297
2016,2016-05-14,22,주간,토,1,2,0,1,0,서울,서초구,차대차,정면충돌,정면충돌,운전자법규위반,중앙선 침범,교차로,교차로부근,이륜차,소형,승용차,중형,955001,1941803,126.9910801,37.47435685
2016,2016-05-10,40,야간,화,1,2,1,0,0,경기,파주시,차량단독,도로이탈,도로이탈 기타,운전자법규위반,안전운전 의무 불이행,단일로,기타단일로,원동기장치자전거,원동기장치자전거,,,931450,1970475,126.7220603,37.73132111
2016,2016-05-17,15,주간,화,1,1,0,0,0,경기,안산시,차대사람,횡단중,횡단중,운전자법규위반,안전운전 의무 불이행,단일로,기타단일로,승용차,중형,보행자,보행자,938787,1925343,126.8090806,37.32506815
2016,2016-05-17,50,주간,화,1,1,0,0,0,전북,고창군,차대사람,횡단중,횡단중,운전자법규위반,과속,단일로,기타단일로,승용차,소형,보행자,보행자,925337,1715712,126.6774288,35.43438354
2016,2016-05-17,25,야간,화,1,1,0,0,0,경기,이천시,차대사람,횡단중,횡단중,운전자법규위반,안전운전 의무 불이행,단일로,기타단일로,화물차,경형,보행자,보행자,1011673,1902462,127.6314007,37.12076122
2016,2016-05-17,45,주간,화,1,1,0,0,0,충남,논산시,차대차,측면직각충돌,측면직각충돌,운전자법규위반,안전거리 미확보,단일로,기타단일로,승용차,경형,승용차,경형,961355,1798922,127.0702053,36.18665407
2016,2016-05-17,0,주간,화,1,1,0,0,0,경북,영천시,차대차,추돌,진행중 추돌,운전자법규위반,안전운전 의무 불이행,교차로,교차로부근,화물차,대형,자전거,자전거,1127877,1775260,128.9181846,35.96571218
2016,2016-05-15,40,주간,일,1,6,4,1,0,전남,영암군,차대차,측면직각충돌,측면직각충돌,운전자법규위반,신호위반,교차로,교차로내,승용차,대형,승용차,대형,900944,1640893,126.4176779,34.75771032
2016,2016-05-20,35,주간,금,1,1,0,0,0,경북,봉화군,차량단독,전도전복,전도전복,운전자법규위반,안전운전 의무 불이행,단일로,기타단일로,이륜차,소형,,,1130462,1868566,128.9625124,36.80628545
2016,2016-05-20,38,주간,금,1,1,0,0,0,경기,연천군,차대사람,횡단중,횡단중,운전자법규위반,안전운전 의무 불이행,단일로,기타단일로,화물차,소형,보행자,보행자,962791,2011631,127.0755949,38.10406165
2016,2016-05-23,0,주간,월,1,1,0,0,0,울산,남구,차대사람,횡단중,횡단중,운전자법규위반,신호위반,교차로,교차로내,승용차,소형,보행자,보행자,1167495,1728656,129.3476387,35.53974052
2016,2016-05-28,49,야간,토,1,1,0,0,0,인천,부평구,차대차,정면충돌,정면충돌,운전자법규위반,신호위반,교차로,교차로내,승용차,대형,원동기장치자전거,원동기장치자전거,932088,1946092,126.7315654,37.51161284
2016,2016-05-28,15,주간,토,1,2,0,1,0,경기,광주시,차대사람,기타,기타,운전자법규위반,안전운전 의무 불이행,단일로,기타단일로,승용차,중형,보행자,보행자,972077,1942228,127.1841829,37.47886158
2016,2016-06-24,15,야간,금,1,1,0,0,0,광주,북구,차대사람,횡단중,횡단중,운전자법규위반,안전운전 의무 불이행,단일로,기타단일로,승용차,중형,보행자,보행자,945709,1684726,126.9039087,35.15631835
2016,2016-07-02,18,주간,토,1,1,0,0,0,경북,예천군,차량단독,전도전복,전도전복,운전자법규위반,안전운전 의무 불이행,단일로,기타단일로,화물차,소형,,,1072224,1834393,128.3065128,36.50448534
2016,2016-07-03,17,야간,일,1,1,0,0,0,서울,종로구,차대차,추돌,진행중 추돌,운전자법규위반,안전거리 미확보,교차로,교차로내,이륜차,대형,승용차,중형,955980,1954148,127.0014117,37.58567295
2016,2016-07-05,25,야간,화,1,1,0,0,0,대구,북구,차대사람,횡단중,횡단중,운전자법규위반,안전운전 의무 불이행,단일로,기타단일로,승용차,소형,보행자,보행자,1097093,1767992,128.5650806,35.90047296
2016,2016-07-08,30,야간,금,1,1,0,0,0,서울,영등포구,차대차,측면직각충돌,측면직각충돌,운전자법규위반,안전운전 의무 불이행,교차로,교차로내,승용차,경형,이륜차,중형,946882,1944829,126.8990434,37.50119961
2016,2016-07-13,15,야간,수,1,1,0,0,0,경기,양평군,차대차,정면충돌,정면충돌,운전자법규위반,안전운전 의무 불이행,단일로,기타단일로,승용차,중형,원동기장치자전거,원동기장치자전거,1005981,1935267,127.5675908,37.41651965
2016,2016-07-13,40,야간,수,1,1,0,0,0,경남,김해시,차대사람,기타,기타,운전자법규위반,안전운전 의무 불이행,교차로,교차로내,승용차,중형,보행자,보행자,1126263,1699135,128.8883752,35.27974431
2016,2016-07-13,33,야간,수,1,1,0,0,0,서울,금천구,차대사람,횡단중,횡단중,운전자법규위반,안전운전 의무 불이행,단일로,기타단일로,승용차,중형,보행자,보행자,944894,1942279,126.8767442,37.47809953
2016,2016-07-14,5,주간,목,1,1,0,0,0,경남,창원시(통합),차대차,측면직각충돌,측면직각충돌,운전자법규위반,안전운전 의무 불이행,교차로,교차로내,화물차,소형,승용차,경형,1093537,1697295,128.5283744,35.26675037
2016,2016-07-13,3,야간,수,1,1,0,0,0,경남,사천시,차대사람,횡단중,횡단중,운전자법규위반,안전운전 의무 불이행,교차로,교차로내,승합차,대형,보행자,보행자,1053799,1676491,128.0901538,35.08209159
2016,2016-07-13,30,주간,수,1,1,0,0,0,전남,순천시,차대사람,횡단중,횡단중,운전자법규위반,보행자 보호의무 위반,교차로,교차로내,화물차,소형,보행자,보행자,999934,1660493,127.4992773,34.93926682
2016,2016-07-11,35,주간,월,1,2,1,0,0,전남,영암군,차대차,추돌,진행중 추돌,운전자법규위반,안전운전 의무 불이행,단일로,기타단일로,승용차,소형,이륜차,소형,923130,1643874,126.6597914,34.78650273
2016,2016-07-11,40,주간,월,1,1,0,0,0,대전,대덕구,차대차,측면직각충돌,측면직각충돌,운전자법규위반,신호위반,교차로,교차로내,자전거,자전거,승용차,경형,993848,1818225,127.431427,36.36143272
2016,2016-07-01,30,주간,금,1,1,0,0,0,전남,보성군,차량단독,기타,기타,운전자법규위반,기타(운전자법규위반),교차로,교차로내,화물차,소형,,,986349,1650189,127.3506815,34.84625781
2016,2016-06-29,40,야간,수,1,1,0,0,0,서울,강북구,차대차,추돌,진행중 추돌,운전자법규위반,안전운전 의무 불이행,단일로,기타단일로,원동기장치자전거,원동기장치자전거,승합차,대형,959255,1957255,127.0383315,37.61382788
2016,2016-06-08,45,주간,수,1,1,0,0,0,강원,강릉시,차대차,측면직각충돌,측면직각충돌,운전자법규위반,신호위반,교차로,교차로내,화물차,소형,원동기장치자전거,원동기장치자전거,1122571,1974863,128.891608,37.76522091
2016,2016-06-13,50,주간,월,1,1,0,0,0,경남,의령군,차대차,측면직각충돌,측면직각충돌,운전자법규위반,신호위반,교차로,교차로내,이륜차,소형,승합차,대형,1068870,1702572,128.257646,35.31633002
2016,2016-06-10,30,주간,금,1,1,0,0,0,광주,서구,차대사람,차도통행중,차도통행중,운전자법규위반,안전운전 의무 불이행,교차로,교차로내,승용차,중형,보행자,보행자,937889,1679433,126.8184515,35.10814063
2016,2016-06-10,0,주간,금,1,2,0,1,0,경기,양주시,차대차,정면충돌,정면충돌,운전자법규위반,중앙선 침범,단일로,기타단일로,승용차,경형,화물차,대형,949826,1966694,126.9308499,37.69843511
2016,2016-06-10,10,주간,금,1,1,0,0,0,경기,시흥시,차대차,정면충돌,정면충돌,운전자법규위반,직진 및 우회전차의 통행방해,교차로,교차로내,화물차,소형,이륜차,소형,938493,1935275,126.804937,37.41456785
2016,2016-06-10,50,주간,금,1,4,0,0,3,강원,원주시,차대차,정면충돌,정면충돌,운전자법규위반,안전거리 미확보,단일로,기타단일로,화물차,소형,승용차,중형,1040202,1933955,127.9542417,37.40384031
2016,2016-06-17,10,주간,금,1,1,0,0,0,경북,영덕군,차량단독,도로이탈,도로이탈 추락,운전자법규위반,안전운전 의무 불이행,단일로,기타단일로,승용차,중형,,,1169630,1841810,129.3954756,36.55900651
2016,2016-06-15,39,야간,수,1,1,0,0,0,경기,광주시,차대사람,기타,기타,운전자법규위반,안전운전 의무 불이행,단일로,기타단일로,승용차,중형,보행자,보행자,975868,1937421,127.2272172,37.43563989
2016,2016-06-16,50,주간,목,1,1,0,0,0,경남,거창군,차대차,추돌,진행중 추돌,운전자법규위반,안전운전 의무 불이행,단일로,기타단일로,화물차,소형,이륜차,소형,1045921,1746260,128.0076664,35.71155331
2016,2016-06-19,18,주간,일,1,1,0,0,0,대구,수성구,차대사람,횡단중,횡단중,운전자법규위반,보행자 보호의무 위반,교차로,교차로내,승용차,대형,보행자,보행자,1103489,1763055,128.6461825,35.85858463
2016,2016-06-20,45,야간,월,1,1,0,0,0,전북,남원시,차대사람,횡단중,횡단중,운전자법규위반,보행자 보호의무 위반,단일로,기타단일로,화물차,소형,보행자,보행자,988746,1711629,127.3760642,35.4003062
2016,2016-06-28,24,주간,화,1,1,0,0,0,충북,청주시,차대차,측면직각충돌,측면직각충돌,운전자법규위반,안전운전 의무 불이행,교차로,교차로부근,화물차,대형,자전거,자전거,988432,1847509,127.3706195,36.62538324
2016,2016-06-27,40,주간,월,1,1,0,0,0,대전,대덕구,차대차,측면직각충돌,측면직각충돌,운전자법규위반,안전운전 의무 불이행,단일로,기타단일로,원동기장치자전거,원동기장치자전거,화물차,소형,993013,1820219,127.4221018,36.37940368
2016,2016-06-26,25,야간,일,1,2,0,1,0,경기,고양시,차대차,측면직각충돌,측면직각충돌,운전자법규위반,부당한 회전,단일로,기타단일로,승용차,중형,이륜차,중형,937151,1959935,126.7876624,37.6367366
2016,2016-06-28,40,야간,화,1,1,0,0,0,경남,진주시,차대사람,차도통행중,차도통행중,운전자법규위반,안전운전 의무 불이행,단일로,기타단일로,승용차,중형,보행자,보행자,1049476,1690457,128.0435709,35.20824198
2016,2016-06-24,20,야간,금,1,1,0,0,0,강원,강릉시,차대사람,횡단중,횡단중,운전자법규위반,안전운전 의무 불이행,단일로,기타단일로,화물차,소형,보행자,보행자,1109556,1984027,128.7452625,37.84945048
2016,2016-07-01,55,주간,금,1,1,0,0,0,전남,담양군,차대사람,횡단중,횡단중,운전자법규위반,안전운전 의무 불이행,교차로,교차로부근,승합차,중형,보행자,보행자,947983,1702262,126.9277657,35.31455442
2016,2016-07-03,12,야간,일,1,1,0,0,0,대전,중구,차대사람,횡단중,횡단중,운전자법규위반,과속,단일로,기타단일로,승용차,중형,보행자,보행자,990390,1813327,127.392943,36.31724687
2016,2016-07-08,15,야간,금,1,1,0,0,0,울산,북구,차대차,측면직각충돌,측면직각충돌,운전자법규위반,중앙선 침범,단일로,기타단일로,승용차,중형,이륜차,소형,1172142,1726777,129.3984759,35.52201143
2016,2016-07-11,40,야간,월,1,1,0,0,0,부산,동래구,차대차,측면직각충돌,측면직각충돌,운전자법규위반,안전운전 의무 불이행,교차로,교차로내,승용차,중형,이륜차,중형,1145594,1690876,129.0994054,35.2026755
2016,2016-07-11,3,주간,월,1,1,0,0,0,전남,함평군,차대사람,횡단중,횡단중,운전자법규위반,신호위반,교차로,교차로부근,화물차,소형,보행자,보행자,911150,1675023,126.5255476,35.06637564
2016,2016-07-11,30,야간,월,1,1,0,0,0,경기,포천시,차량단독,전도전복,전도전복,운전자법규위반,안전운전 의무 불이행,교차로,교차로부근,이륜차,소형,,,974486,1978985,127.2101445,37.81023425
2016,2016-07-11,45,주간,월,1,1,0,0,0,경북,영주시,차량단독,전도전복,전도전복,운전자법규위반,안전운전 의무 불이행,단일로,기타단일로,원동기장치자전거,원동기장치자전거,,,1099806,1866287,128.6186206,36.78947443
2016,2016-07-11,41,주간,월,1,1,0,0,0,경북,구미시,차대차,측면직각충돌,측면직각충돌,운전자법규위반,교차로 통행방법 위반,교차로,교차로내,이륜차,소형,승용차,경형,1076342,1792090,128.3483513,36.12282627
2016,2016-07-11,50,야간,월,1,1,0,0,0,부산,사하구,차량단독,도로이탈,도로이탈 기타,운전자법규위반,안전운전 의무 불이행,단일로,기타단일로,자전거,자전거,,,1132752,1677236,128.9561818,35.08150151
2016,2016-07-11,15,야간,월,1,2,1,0,0,광주,서구,차대차,측면직각충돌,측면직각충돌,운전자법규위반,중앙선 침범,단일로,기타단일로,이륜차,소형,이륜차,소형,941451,1683450,126.8572508,35.14457408
2016,2016-07-17,35,주간,일,1,1,0,0,0,경북,칠곡군,차량단독,전도전복,전도전복,운전자법규위반,안전운전 의무 불이행,단일로,기타단일로,이륜차,소형,,,1079657,1780766,128.3840422,36.02047661
2016,2016-09-11,31,주간,일,1,1,0,0,0,인천,부평구,차대차,측면직각충돌,측면직각충돌,운전자법규위반,직진 및 우회전차의 통행방해,교차로,교차로내,승용차,소형,원동기장치자전거,원동기장치자전거,932120,1944224,126.7320999,37.49477919
2016,2016-09-11,31,주간,일,1,1,0,0,0,서울,노원구,차대차,측면직각충돌,측면직각충돌,운전자법규위반,안전운전 의무 불이행,단일로,기타단일로,승용차,경형,자전거,자전거,962599,1957701,127.0761975,37.61798993
2016,2016-09-12,30,야간,월,1,1,0,0,0,울산,남구,차대사람,차도통행중,차도통행중,운전자법규위반,안전운전 의무 불이행,단일로,기타단일로,승용차,경형,보행자,보행자,1164086,1725653,129.3094431,35.51324725
2016,2016-09-08,0,주간,목,1,2,1,0,0,경기,고양시,차대차,기타,기타,운전자법규위반,안전운전 의무 불이행,교차로,교차로부근,이륜차,소형,승용차,소형,945471,1954824,126.8823379,37.59120298
2016,2016-09-11,21,야간,일,1,1,0,0,0,대구,달서구,차대사람,횡단중,횡단중,운전자법규위반,과속,교차로,교차로부근,승용차,대형,보행자,보행자,1093047,1761909,128.530341,35.84941018
2016,2016-09-12,6,주간,월,1,1,0,0,0,충남,청양군,차량단독,전도전복,전도전복,운전자법규위반,안전운전 의무 불이행,단일로,기타단일로,이륜차,사발이,,,936880,1828366,126.7956345,36.45079866
2016,2016-09-07,20,야간,수,1,1,0,0,0,전남,신안군,차대사람,기타,기타,운전자법규위반,안전운전 의무 불이행,단일로,기타단일로,화물차,소형,보행자,보행자,856781,1642685,125.9349667,34.76862019
2016,2016-09-07,8,주간,수,1,1,0,0,0,광주,광산구,차대사람,보도통행중,보도통행중,운전자법규위반,보행자 보호의무 위반,교차로,교차로내,화물차,대형,보행자,보행자,939570,1691075,126.8360436,35.21321413
2016,2016-07-23,25,주간,토,1,1,0,0,0,경북,울진군,차대차,측면직각충돌,측면직각충돌,운전자법규위반,안전운전 의무 불이행,단일로,기타단일로,승용차,소형,원동기장치자전거,원동기장치자전거,1172069,1851647,129.4249173,36.64720095
2016,2016-07-22,5,주간,금,1,1,0,0,0,부산,북구,차량단독,기타,기타,운전자법규위반,안전운전 의무 불이행,단일로,기타단일로,자전거,자전거,,,1138105,1691904,129.0169965,35.21295243
2016,2016-07-23,30,주간,토,1,1,0,0,0,경기,안산시,차대차,측면직각충돌,측면직각충돌,운전자법규위반,안전운전 의무 불이행,단일로,기타단일로,화물차,소형,자전거,자전거,939127,1926269,126.8128419,37.33343679
2016,2016-07-23,7,주간,토,1,1,0,0,0,충북,괴산군,차대차,정면충돌,정면충돌,운전자법규위반,중앙선 침범,단일로,기타단일로,이륜차,소형,승용차,중형,1043319,1863121,127.9853713,36.76520394
2016,2016-07-27,2,주간,수,1,1,0,0,0,인천,연수구,차량단독,공작물충돌,공작물충돌,운전자법규위반,안전운전 의무 불이행,단일로,기타단일로,이륜차,소형,,,923450,1930851,126.6354168,37.37357365
2016,2016-07-27,25,주간,수,1,1,0,0,0,충남,부여군,차대차,기타,기타,운전자법규위반,안전운전 의무 불이행,교차로,교차로부근,건설기계,건설기계,화물차,소형,955708,1806823,127.0069567,36.25764181
2016,2016-07-27,40,주간,수,1,1,0,0,0,경북,의성군,차대차,기타,기타,운전자법규위반,중앙선 침범,단일로,기타단일로,원동기장치자전거,원동기장치자전거,화물차,소형,1105416,1825175,128.6758472,36.4183192
2016,2016-08-04,5,야간,목,1,1,0,0,0,전남,장흥군,차량단독,전도전복,전도전복,운전자법규위반,안전운전 의무 불이행,단일로,기타단일로,승용차,경형,,,943274,1643408,126.8799885,34.78362135