발생년,발생년월일시분,발생분,주야,요일,사망자수,사상자수,중상자수,경상자수,부상신고자수,발생지시도,발생지시군구,사고유형_대분류,사고유형_중분류,사고유형,법규위반_대분류,법규위반,도로형태_대분류,도로형태,당사자종별_1당_대분류,당사자종별_1당,당사자종별_2당_대분류,당사자종별_2당,발생위치X_UTMK,발생위치Y_UTMK,경도,위도
2016,2016-06-11,54,주간,토,1,1,0,0,0,충남,아산시,차량단독,공작물충돌,공작물충돌,운전자법규위반,안전운전 의무 불이행,단일로,기타단일로,이륜차,중형,,,956553,1863484,127.0131739,36.76847033
2016,2016-06-16,5,주간,목,1,1,0,0,0,강원,고성군,차대차,정면충돌,정면충돌,운전자법규위반,중앙선 침범,단일로,기타단일로,승용차,대형,이륜차,소형,1089705,2026692,128.5250101,38.23609142
2016,2016-06-15,20,야간,수,1,1,0,0,0,서울,송파구,차대사람,횡단중,횡단중,운전자법규위반,안전운전 의무 불이행,단일로,기타단일로,승용차,중형,보행자,보행자,963663,1945206,127.0886825,37.50509029
2016,2016-06-14,12,야간,화,1,2,1,0,0,경북,청도군,차대차,측면직각충돌,측면직각충돌,운전자법규위반,중앙선 침범,단일로,기타단일로,농기계,농기계,화물차,소형,1123511,1749937,128.8658564,35.73802345
2016,2016-06-14,10,주간,화,1,1,0,0,0,경기,여주시,차대차,정면충돌,정면충돌,운전자법규위반,안전운전 의무 불이행,단일로,기타단일로,건설기계,건설기계,이륜차,소형,1000699,1927237,127.5078918,37.34415749
2016,2016-06-21,5,야간,화,1,1,0,0,0,경기,수원시,차량단독,공작물충돌,공작물충돌,운전자법규위반,안전운전 의무 불이행,단일로,기타단일로,이륜차,대형,,,962612,1921232,127.0781948,37.28927744
2016,2016-06-18,50,주간,토,1,5,0,3,1,경기,용인시,차대차,측면직각충돌,측면직각충돌,운전자법규위반,신호위반,교차로,교차로내,승용차,경형,승용차,경형,965050,1920519,127.1057329,37.28294543
2016,2016-06-18,30,주간,토,1,2,0,1,0,대전,유성구,차대차,측면직각충돌,측면직각충돌,운전자법규위반,신호위반,교차로,교차로내,원동기장치자전거,원동기장치자전거,승용차,경형,989750,1827094,127.3856317,36.44135465
2016,2016-06-17,0,주간,금,1,1,0,0,0,충남,논산시,차량단독,전도전복,전도전복,운전자법규위반,안전운전 의무 불이행,단일로,기타단일로,원동기장치자전거,원동기장치자전거,,,964908,1796971,127.1098067,36.16920024
2016,2016-06-22,40,야간,수,1,1,0,0,0,경남,통영시,차대사람,횡단중,횡단중,운전자법규위반,안전운전 의무 불이행,단일로,기타단일로,승용차,소형,보행자,보행자,1085241,1651276,128.4324473,34.85257706
2016,2016-06-27,15,주간,월,1,3,1,0,1,충북,청주시,차대차,기타,기타,운전자법규위반,신호위반,교차로,교차로내,승용차,경형,승용차,경형,996332,1846337,127.4589814,36.61488084
2016,2016-07-02,30,주간,토,1,3,2,0,0,강원,원주시,차대차,정면충돌,정면충돌,운전자법규위반,중앙선 침범,단일로,기타단일로,화물차,소형,화물차,소형,1033983,1935303,127.8918605,37.41646733
2016,2016-07-03,25,야간,일,1,1,0,0,0,경북,영덕군,차대사람,기타,기타,운전자법규위반,안전운전 의무 불이행,단일로,기타단일로,건설기계,건설기계,보행자,보행자,1171059,1833415,129.4095752,36.48311157
2016,2016-07-12,38,주간,화,1,1,0,0,0,충남,부여군,차대차,측면직각충돌,측면직각충돌,운전자법규위반,중앙선 침범,단일로,기타단일로,원동기장치자전거,원동기장치자전거,승합차,소형,949493,1810622,126.9375306,36.29158499
2016,2016-07-11,50,야간,월,1,1,0,0,0,전남,여수시,차대사람,횡단중,횡단중,운전자법규위반,안전운전 의무 불이행,단일로,기타단일로,승용차,경형,보행자,보행자,1021955,1638549,127.7398453,34.74114672
2016,2016-07-12,40,주간,화,1,1,0,0,0,인천,연수구,차량단독,기타,기타,운전자법규위반,기타(운전자법규위반),단일로,기타단일로,승합차,대형,,,927008,1936281,126.675062,37.42280055
2016,2016-07-10,10,주간,일,1,1,0,0,0,전남,영암군,차량단독,공작물충돌,공작물충돌,운전자법규위반,안전운전 의무 불이행,단일로,기타단일로,이륜차,소형,,,898660,1639277,126.3929206,34.74291591
2016,2016-07-10,0,야간,일,1,1,0,0,0,경북,의성군,차대사람,기타,기타,운전자법규위반,안전운전 의무 불이행,단일로,기타단일로,승용차,경형,보행자,보행자,1093644,1817810,128.5436714,36.35315291
2016,2016-07-18,45,주간,월,1,3,0,2,0,강원,양양군,차대차,정면충돌,정면충돌,운전자법규위반,중앙선 침범,교차로,교차로부근,승합차,중형,화물차,중형,1098679,2008864,128.6250625,38.07450459
2016,2016-07-16,25,야간,토,1,2,0,1,0,충남,금산군,차대차,정면충돌,정면충돌,운전자법규위반,신호위반,교차로,교차로내,원동기장치자전거,원동기장치자전거,승용차,중형,999423,1790824,127.4935887,36.11441617
2016,2016-07-16,47,야간,토,1,1,0,0,0,경기,평택시,차대사람,횡단중,횡단중,운전자법규위반,안전운전 의무 불이행,단일로,기타단일로,승용차,중형,보행자,보행자,961194,1901712,127.0632127,37.1132688
2016,2016-07-14,10,주간,목,1,1,0,0,0,경기,양주시,차대사람,횡단중,횡단중,운전자법규위반,안전운전 의무 불이행,교차로,교차로내,화물차,소형,보행자,보행자,952435,1977517,126.9597352,37.79612071
2016,2016-07-01,0,야간,금,1,1,0,0,0,경북,경주시,차대사람,횡단중,횡단중,운전자법규위반,안전운전 의무 불이행,단일로,기타단일로,화물차,소형,보행자,보행자,1159754,1778079,129.2721389,35.98641843
2016,2016-07-01,55,야간,금,1,1,0,0,0,충북,청주시,차대사람,기타,기타,운전자법규위반,안전운전 의무 불이행,교차로,교차로부근,승용차,중형,보행자,보행자,998844,1851566,127.4870648,36.66202652
2016,2016-06-08,0,주간,수,1,3,2,0,0,경북,의성군,차대차,정면충돌,정면충돌,운전자법규위반,중앙선 침범,단일로,기타단일로,승용차,경형,건설기계,건설기계,1085748,1819869,128.4559082,36.37244921
2016,2016-06-08,40,주간,수,1,2,1,0,0,경기,화성시,차대사람,기타,기타,운전자법규위반,안전운전 의무 불이행,단일로,기타단일로,승합차,중형,보행자,보행자,945456,1915810,126.8850498,37.23955825
2016,2016-06-06,45,야간,월,1,1,0,0,0,경기,포천시,차대사람,횡단중,횡단중,운전자법규위반,안전운전 의무 불이행,교차로,교차로내,승용차,중형,보행자,보행자,971118,1984684,127.1716548,37.861499
2016,2016-06-07,45,주간,화,1,1,0,0,0,충남,공주시,차량단독,도로이탈,도로이탈 기타,운전자법규위반,안전운전 의무 불이행,단일로,기타단일로,화물차,소형,,,965959,1845409,127.1193701,36.60591411
2016,2016-06-09,45,주간,목,1,1,0,0,0,전북,완주군,차량단독,전도전복,전도전복,운전자법규위반,안전운전 의무 불이행,단일로,기타단일로,화물차,대형,,,982816,1761734,127.3096921,35.8519911
2016,2016-06-09,50,야간,목,1,1,0,0,0,인천,남동구,차대사람,횡단중,횡단중,운전자법규위반,안전운전 의무 불이행,단일로,기타단일로,승용차,중형,보행자,보행자,929974,1940912,126.7157417,37.46322641
2016,2016-06-11,33,야간,토,1,1,0,0,0,경기,용인시,차대사람,차도통행중,차도통행중,운전자법규위반,안전운전 의무 불이행,단일로,기타단일로,승용차,중형,보행자,보행자,963085,1924495,127.0833688,37.31870812
2016,2016-06-10,30,야간,금,1,1,0,0,0,서울,강남구,차대사람,횡단중,횡단중,운전자법규위반,보행자 보호의무 위반,단일로,횡단보도상,승용차,중형,보행자,보행자,959546,1946146,127.0425479,37.51360342
2016,2016-06-17,38,주간,금,1,1,0,0,0,경북,영천시,차량단독,전도전복,전도전복,운전자법규위반,안전운전 의무 불이행,단일로,기타단일로,원동기장치자전거,원동기장치자전거,,,1136972,1766600,129.0175271,35.88642637
2016,2016-08-19,45,야간,금,1,1,0,0,0,경남,양산시,차대사람,횡단중,횡단중,운전자법규위반,안전운전 의무 불이행,단일로,기타단일로,화물차,소형,보행자,보행자,1139999,1709241,129.0410967,35.3690092
2016,2016-08-15,59,주간,월,1,1,0,0,0,경북,문경시,차량단독,도로이탈,도로이탈 추락,운전자법규위반,안전운전 의무 불이행,단일로,기타단일로,농기계,농기계,,,1063716,1858831,128.2135395,36.72538161
2016,2016-08-21,6,야간,일,1,1,0,0,0,경기,안성시,차량단독,공작물충돌,공작물충돌,운전자법규위반,안전운전 의무 불이행,교차로,교차로부근,승용차,경형,,,978988,1890068,127.2638193,37.00887543
2016,2016-08-21,25,주간,일,1,1,0,0,0,서울,강서구,차대사람,횡단중,횡단중,운전자법규위반,보행자 보호의무 위반,교차로,교차로부근,건설기계,건설기계,보행자,보행자,938529,1952826,126.803877,37.57275759
2016,2016-08-22,52,주간,월,1,1,0,0,0,강원,영월군,차대사람,횡단중,횡단중,운전자법규위반,안전운전 의무 불이행,단일로,기타단일로,승합차,대형,보행자,보행자,1090081,1916250,128.5156152,37.24076573
2016,2016-08-21,40,야간,일,1,1,0,0,0,전남,구례군,차량단독,공작물충돌,공작물충돌,운전자법규위반,안전운전 의무 불이행,단일로,기타단일로,농기계,농기계,,,994222,1693674,127.4364958,35.2384535
2016,2016-08-25,20,주간,목,1,1,0,0,0,경북,경주시,차대사람,기타,기타,운전자법규위반,안전운전 의무 불이행,단일로,기타단일로,승용차,경형,보행자,보행자,1155383,1761956,129.2205217,35.84182445
2016,2016-09-12,30,야간,월,1,1,0,0,0,충남,태안군,차량단독,도로이탈,도로이탈 추락,운전자법규위반,안전운전 의무 불이행,단일로,기타단일로,승용차,대형,,,897974,1832527,126.3609907,36.48495263
2016,2016-09-08,30,주간,목,1,1,0,0,0,충남,공주시,차대사람,횡단중,횡단중,운전자법규위반,안전운전 의무 불이행,단일로,기타단일로,승용차,중형,보행자,보행자,957040,1827102,127.0206642,36.44051925
2016,2016-09-12,25,야간,월,1,1,0,0,0,서울,중구,차대사람,횡단중,횡단중,운전자법규위반,안전운전 의무 불이행,단일로,기타단일로,승용차,중형,보행자,보행자,957663,1951912,127.0206026,37.56559834
2016,2016-09-12,45,주간,월,1,1,0,0,0,대전,동구,차량단독,전도전복,전도전복,운전자법규위반,안전운전 의무 불이행,단일로,기타단일로,이륜차,사발이,,,998527,1813537,127.4835901,36.31918693
2016,2016-09-10,0,주간,토,1,2,0,0,1,경기,용인시,차대차,정면충돌,정면충돌,운전자법규위반,안전운전 의무 불이행,교차로,교차로부근,화물차,소형,화물차,소형,974009,1913107,127.2070557,37.21642765
2016,2016-09-10,10,야간,토,1,1,0,0,0,대구,남구,차대사람,횡단중,횡단중,운전자법규위반,안전운전 의무 불이행,단일로,기타단일로,승용차,중형,보행자,보행자,1096762,1760533,128.5713844,35.83653744
2016,2016-09-11,3,주간,일,1,2,0,1,0,경남,양산시,차대차,정면충돌,정면충돌,운전자법규위반,중앙선 침범,단일로,기타단일로,이륜차,소형,승용차,경형,1128784,1709378,128.9176998,35.37175538
2016,2016-09-12,0,야간,월,1,1,0,0,0,충북,청주시,차대사람,횡단중,횡단중,운전자법규위반,안전운전 의무 불이행,교차로,교차로부근,승합차,대형,보행자,보행자,1002361,1856517,127.526434,36.7066571
2016,2016-09-13,30,야간,화,1,1,0,0,0,전북,남원시,차대사람,기타,기타,운전자법규위반,안전운전 의무 불이행,단일로,기타단일로,자전거,자전거,보행자,보행자,984736,1721232,127.3316432,35.48684317
2016,2016-09-06,6,주간,화,1,1,0,0,0,서울,종로구,차대차,정면충돌,정면충돌,운전자법규위반,안전운전 의무 불이행,교차로,교차로내,승용차,중형,이륜차,소형,953223,1954095,126.9701894,37.58505923
2016,2016-09-07,16,주간,수,1,1,0,0,0,강원,횡성군,차대사람,횡단중,횡단중,운전자법규위반,과속,단일로,기타단일로,화물차,소형,보행자,보행자,1060377,1952475,128.183706,37.56966646
2016,2016-09-19,15,야간,월,1,1,0,0,0,경북,성주군,차대차,추돌,진행중 추돌,운전자법규위반,과속,기타/불명,기타/불명,승용차,중형,농기계,농기계,1080181,1765375,128.3883022,35.88168483
2016,2016-07-18,6,주간,월,1,1,0,0,0,강원,인제군,차량단독,전도전복,전도전복,운전자법규위반,안전운전 의무 불이행,단일로,기타단일로,이륜차,소형,,,1077369,2025069,128.383893,38.22261211
2016,2016-07-17,18,야간,일,1,2,1,0,0,경남,남해군,차대사람,차도통행중,차도통행중,운전자법규위반,안전운전 의무 불이행,단일로,기타단일로,승용차,대형,보행자,보행자,1032853,1643095,127.8590751,34.78184819
2016,2016-07-19,5,야간,화,1,1,0,0,0,경북,경산시,차대사람,횡단중,횡단중,운전자법규위반,안전운전 의무 불이행,단일로,기타단일로,승용차,경형,보행자,보행자,1118445,1765229,128.8121127,35.8764864
2016,2016-07-24,45,야간,일,1,1,0,0,0,서울,강동구,차대사람,횡단중,횡단중,운전자법규위반,안전운전 의무 불이행,단일로,기타단일로,승용차,중형,보행자,보행자,969571,1950717,127.1554882,37.55529783
2016,2016-07-24,55,야간,일,1,1,0,0,0,전북,정읍시,차대사람,횡단중,횡단중,운전자법규위반,안전운전 의무 불이행,단일로,기타단일로,승용차,중형,보행자,보행자,941198,1730510,126.8510877,35.56886793
2016,2016-07-22,28,주간,금,1,1,0,0,0,강원,춘천시,차량단독,공작물충돌,공작물충돌,운전자법규위반,안전운전 의무 불이행,단일로,기타단일로,승합차,중형,,,1018926,1983692,127.7151353,37.85281926
2016,2016-07-27,20,주간,수,1,1,0,0,0,충북,영동군,차대차,정면충돌,정면충돌,운전자법규위반,중앙선 침범,단일로,기타단일로,자전거,자전거,화물차,소형,1038869,1798434,127.9322617,36.18224558
2016,2016-07-25,30,주간,월,2,5,2,1,0,충남,서천군,차대차,측면직각충돌,측면직각충돌,운전자법규위반,안전운전 의무 불이행,교차로,교차로내,승용차,경형,승용차,경형,926414,1787730,126.6826792,36.08373441
2016,2016-07-31,14,주간,일,3,25,13,8,1,부산,해운대구,차대차,추돌,진행중 추돌,운전자법규위반,신호위반,교차로,교차로내,승용차,중형,승용차,소형,1152447,1687587,129.174052,35.1720131
2016,2016-08-02,55,주간,화,1,1,0,0,0,경남,진주시,차대사람,기타,기타,운전자법규위반,안전운전 의무 불이행,단일로,기타단일로,화물차,소형,보행자,보행자,1055684,1684236,128.111352,35.15182396
2016,2016-08-02,50,주간,화,1,1,0,0,0,전남,강진군,차대차,측면직각충돌,측면직각충돌,운전자법규위반,안전운전 의무 불이행,교차로,교차로내,원동기장치자전거,원동기장치자전거,승합차,대형,935521,1620892,126.7969722,34.58012827
2016,2016-07-30,47,주간,토,1,1,0,0,0,충북,충주시,차량단독,전도전복,전도전복,운전자법규위반,안전운전 의무 불이행,단일로,기타단일로,승용차,경형,,,1025238,1882663,127.7826173,36.94774804
2016,2016-07-30,10,야간,토,1,1,0,0,0,인천,남구,차대사람,기타,기타,운전자법규위반,안전운전 의무 불이행,단일로,기타단일로,승용차,중형,보행자,보행자,924738,1940271,126.6487557,37.4591908
2016,2016-07-30,0,주간,토,1,3,0,2,0,충남,천안시,차대차,측면직각충돌,측면직각충돌,운전자법규위반,안전운전 의무 불이행,단일로,기타단일로,승용차,경형,화물차,소형,967977,1876814,127.1406162,36.88908869
2016,2016-08-10,14,주간,수,1,1,0,0,0,전북,남원시,차대사람,횡단중,횡단중,운전자법규위반,안전운전 의무 불이행,교차로,교차로내,승용차,중형,보행자,보행자,991584,1714912,127.407284,35.42993641
2016,2016-08-08,58,주간,월,1,2,1,0,0,경북,영덕군,차대차,정면충돌,정면충돌,운전자법규위반,중앙선 침범,단일로,기타단일로,이륜차,대형,승용차,대형,1168959,1825729,129.3844675,36.41423065
2016,2016-08-08,55,주간,월,1,1,0,0,0,전남,함평군,차대차,측면직각충돌,측면직각충돌,운전자법규위반,안전운전 의무 불이행,교차로,교차로내,화물차,대형,자전거,자전거,913570,1677387,126.5518388,35.08789998
2016,2016-08-08,25,야간,월,1,1,0,0,0,강원,원주시,차대차,추돌,진행중 추돌,운전자법규위반,안전운전 의무 불이행,교차로,교차로내,승용차,중형,승용차,중형,1039340,1926282,127.9440944,37.33471601
2016,2016-08-07,50,야간,일,1,1,0,0,0,대전,대덕구,차대사람,기타,기타,운전자법규위반,안전운전 의무 불이행,단일로,기타단일로,승용차,중형,보행자,보행자,992842,1816372,127.4202307,36.34472022
2016,2016-08-11,58,주간,목,1,2,0,1,0,부산,진구,차대차,기타,기타,운전자법규위반,신호위반,교차로,교차로내,이륜차,소형,승용차,경형,1141993,1685841,129.0589932,35.1578069
2016,2016-08-11,20,주간,목,1,1,0,0,0,경북,칠곡군,차량단독,전도전복,전도전복,운전자법규위반,안전운전 의무 불이행,단일로,기타단일로,승용차,중형,,,1078273,1782981,128.3689033,36.04055676
2016,2016-08-18,45,야간,목,1,1,0,0,0,서울,관악구,차대사람,횡단중,횡단중,운전자법규위반,신호위반,교차로,교차로내,승용차,중형,보행자,보행자,951673,1942664,126.9536285,37.48184485
2016,2016-08-17,35,주간,수,1,1,0,0,0,경남,양산시,차대사람,횡단중,횡단중,운전자법규위반,신호위반,교차로,교차로내,화물차,소형,보행자,보행자,1139955,1708212,129.0404363,35.35974035
2016,2016-04-14,55,주간,목,1,1,0,0,0,경북,상주시,차대사람,횡단중,횡단중,운전자법규위반,안전운전 의무 불이행,단일로,기타단일로,승용차,중형,보행자,보행자,1042347,1827723,127.9725302,36.44614481
2016,2016-04-14,20,주간,목,1,1,0,0,0,경기,부천시,차량단독,공작물충돌,공작물충돌,운전자법규위반,안전운전 의무 불이행,단일로,기타단일로,자전거,자전거,,,936611,1942516,126.7830483,37.47970433
2016,2016-04-18,13,주간,월,2,2,0,0,0,제주,제주시,차대차,정면충돌,정면충돌,운전자법규위반,과속,교차로,교차로내,이륜차,소형,이륜차,소형,934816,1506617,126.7976986,33.54952098
2016,2016-04-18,20,주간,월,1,2,1,0,0,경기,하남시,차대차,정면충돌,정면충돌,운전자법규위반,중앙선 침범,단일로,기타단일로,화물차,소형,화물차,소형,971264,1949440,127.1747058,37.54384204
2016,2016-04-16,20,주간,토,1,2,0,1,0,제주,제주시,차대차,측면직각충돌,측면직각충돌,운전자법규위반,신호위반,교차로,교차로내,화물차,소형,화물차,소형,922428,1504555,126.6675573,33.53094199
2016,2016-04-16,40,주간,토,1,1,0,0,0,강원,춘천시,차량단독,공작물충돌,공작물충돌,운전자법규위반,안전운전 의무 불이행,단일로,기타단일로,이륜차,대형,,,1002646,1981326,127.530069,37.83168685
2016,2016-04-22,40,야간,금,1,2,1,0,0,경북,경산시,차대차,기타,기타,운전자법규위반,안전운전 의무 불이행,단일로,기타단일로,이륜차,소형,승용차,대형,1119244,1769186,128.8215546,35.91205661
2016,2016-04-20,25,주간,수,1,1,0,0,0,충남,서천군,차대사람,횡단중,횡단중,운전자법규위반,안전운전 의무 불이행,단일로,기타단일로,화물차,소형,보행자,보행자,926753,1787272,126.6864867,36.0796312
2016,2016-04-24,10,야간,일,1,1,0,0,0,경기,시흥시,차량단독,공작물충돌,공작물충돌,운전자법규위반,안전운전 의무 불이행,단일로,기타단일로,이륜차,소형,,,931045,1931002,126.7211758,37.37553057
2016,2016-05-02,33,주간,월,1,2,0,1,0,충남,금산군,차대차,측면직각충돌,측면직각충돌,운전자법규위반,교차로 통행방법 위반,교차로,교차로부근,이륜차,소형,승용차,경형,999098,1789602,127.4885924,36.10318935
2016,2016-05-03,47,주간,화,1,2,1,0,0,경남,거창군,차대차,측면직각충돌,측면직각충돌,운전자법규위반,신호위반,교차로,교차로내,승용차,중형,승용차,중형,1036703,1743154,127.9056202,35.68393579
2016,2016-04-09,52,주간,토,1,1,0,0,0,경기,안성시,차량단독,전도전복,전도전복,운전자법규위반,안전운전 의무 불이행,기타/불명,기타/불명,승용차,중형,,,970721,1889763,127.170909,37.0059048
2016,2016-04-14,0,주간,목,1,2,0,1,0,경북,구미시,차대사람,횡단중,횡단중,운전자법규위반,기타(운전자법규위반),단일로,기타단일로,승용차,중형,보행자,보행자,1077286,1788457,128.358484,36.09000087
2016,2016-04-19,15,주간,화,1,2,0,1,0,서울,중랑구,차대사람,기타,기타,운전자법규위반,안전운전 의무 불이행,단일로,기타단일로,승합차,대형,보행자,보행자,964287,1955556,127.095429,37.5987236
2016,2016-04-18,18,주간,월,1,1,0,0,0,대전,대덕구,차대차,측면직각충돌,측면직각충돌,운전자법규위반,안전운전 의무 불이행,단일로,기타단일로,화물차,대형,자전거,자전거,993701,1827474,127.4297134,36.44481455
2016,2016-04-20,0,주간,수,1,2,1,0,0,전남,순천시,차량단독,도로이탈,도로이탈 추락,운전자법규위반,안전운전 의무 불이행,단일로,기타단일로,이륜차,대형,,,995367,1670283,127.4492113,35.02753719
2016,2016-04-20,20,주간,수,1,1,0,0,0,경기,광주시,차대사람,횡단중,횡단중,운전자법규위반,보행자 보호의무 위반,단일로,횡단보도상,승용차,대형,보행자,보행자,978368,1934998,127.2555474,37.41386153
2016,2016-04-25,50,야간,월,1,4,2,1,0,충남,천안시,차대사람,횡단중,횡단중,운전자법규위반,안전운전 의무 불이행,단일로,기타단일로,승용차,중형,보행자,보행자,966776,1867386,127.1275505,36.80405873
2016,2016-04-25,0,야간,월,1,1,0,0,0,경기,안양시,차대사람,횡단중,횡단중,운전자법규위반,안전운전 의무 불이행,단일로,기타단일로,승용차,경형,보행자,보행자,951923,1930753,126.9569904,37.37460399
2016,2016-04-24,30,주간,일,1,1,0,0,0,전남,보성군,차량단독,도로이탈,도로이탈 기타,운전자법규위반,안전운전 의무 불이행,단일로,기타단일로,승용차,중형,,,959248,1639400,127.0547433,34.74826294
2016,2016-04-24,35,주간,일,1,3,0,1,1,울산,울주군,차대차,측면직각충돌,측면직각충돌,운전자법규위반,차로위반(진로변경 위반),교차로,교차로부근,승용차,경형,이륜차,소형,1159081,1730567,129.2552392,35.55834933
2016,2016-04-27,27,야간,수,1,1,0,0,0,서울,관악구,차대사람,기타,기타,운전자법규위반,안전운전 의무 불이행,단일로,기타단일로,승용차,중형,보행자,보행자,951438,1942717,126.9507254,37.48241457
2016,2016-04-27,35,야간,수,1,1,0,0,0,대구,동구,차대사람,횡단중,횡단중,운전자법규위반,안전운전 의무 불이행,단일로,기타단일로,승용차,경형,보행자,보행자,1105838,1765425,128.6628487,35.87720567
2016,2016-04-28,52,주간,목,1,1,0,0,0,경북,청도군,차대차,측면직각충돌,측면직각충돌,운전자법규위반,중앙선 침범,교차로,교차로부근,이륜차,소형,화물차,소형,1111428,1740861,128.7310065,35.65765221
2016,2016-04-27,2,야간,수,1,1,0,0,0,전북,전주시,차대사람,횡단중,횡단중,운전자법규위반,과속,단일로,횡단보도상,승용차,소형,보행자,보행자,963821,1760123,127.0994044,35.83694908
2016,2016-04-28,30,주간,목,1,1,0,0,0,충남,서산시,차대차,정면충돌,정면충돌,운전자법규위반,과속,단일로,기타단일로,승용차,중형,이륜차,소형,905963,1864299,126.4462732,36.77214659
2016,2016-04-26,20,주간,화,1,1,0,0,0,충남,당진시,차대사람,보도통행중,보도통행중,운전자법규위반,보행자 보호의무 위반,단일로,횡단보도상,승용차,경형,보행자,보행자,922977,1877982,126.635514,36.89701623
2016,2016-04-30,0,주간,토,1,1,0,0,0,서울,금천구,차대사람,횡단중,횡단중,운전자법규위반,안전운전 의무 불이행,교차로,교차로내,화물차,경형,보행자,보행자,947151,1941236,126.9023447,37.46883064
2016,2016-04-30,30,주간,토,1,1,0,0,0,경북,경주시,차대차,기타,기타,운전자법규위반,신호위반,교차로,교차로내,이륜차,소형,승용차,경형,1152228,1761931,129.185596,35.84209418
2016,2016-05-06,50,주간,금,1,1,0,0,0,강원,횡성군,차대사람,기타,기타,운전자법규위반,안전운전 의무 불이행,기타/불명,기타/불명,화물차,소형,보행자,보행자,1047222,1951716,128.0346973,37.56359419
2016,2016-05-07,4,야간,토,1,1,0,0,0,충남,천안시,차대사람,기타,기타,운전자법규위반,보행자 보호의무 위반,교차로,교차로내,승용차,소형,보행자,보행자,966754,1867323,127.1273066,36.80349004
2016,2016-05-06,14,주간,금,1,1,0,0,0,전남,화순군,차량단독,공작물충돌,공작물충돌,운전자법규위반,안전운전 의무 불이행,지하도로내,지하도로내,이륜차,소형,,,961393,1670350,127.0767774,35.02741399
2016,2016-04-05,10,야간,화,1,1,0,0,0,경기,성남시,차대차,측면직각충돌,측면직각충돌,운전자법규위반,신호위반,교차로,교차로내,자전거,자전거,승용차,경형,966377,1932546,127.1201568,37.39140232
2016,2016-04-06,40,야간,수,1,1,0,0,0,충북,괴산군,차대차,측면직각충돌,측면직각충돌,운전자법규위반,직진 및 우회전차의 통행방해,교차로,교차로내,이륜차,소형,화물차,소형,1023746,1870553,127.7662989,36.83289326
2016,2016-04-12,0,주간,화,1,1,0,0,0,전남,보성군,차대차,추돌,진행중 추돌,운전자법규위반,안전운전 의무 불이행,단일로,터널안,승용차,중형,이륜차,소형,959893,1650047,127.0613102,34.84427786
2016,2016-04-11,10,야간,월,1,2,1,0,0,제주,서귀포시,차대사람,횡단중,횡단중,운전자법규위반,과속,단일로,횡단보도상,화물차,소형,보행자,보행자,888023,1473883,126.2979335,33.25046348
2016,2016-04-15,48,주간,금,1,2,1,0,0,전북,정읍시,차대사람,기타,기타,운전자법규위반,안전운전 의무 불이행,단일로,기타단일로,승용차,대형,보행자,보행자,947573,1734553,126.9211736,35.60567818
2016,2016-04-12,30,야간,화,1,1,0,0,0,전남,순천시,차대사람,횡단중,횡단중,운전자법규위반,보행자 보호의무 위반,단일로,횡단보도상,승용차,소형,보행자,보행자,1000360,1661086,127.5039425,34.94461415
2016,2016-04-16,20,야간,토,1,1,0,0,0,경남,창원시(통합),차대차,측면직각충돌,측면직각충돌,운전자법규위반,교차로 통행방법 위반,교차로,교차로내,이륜차,소형,화물차,소형,1104529,1695334,128.6489538,35.24798407
2016,2016-04-16,45,야간,토,1,1,0,0,0,강원,원주시,차대사람,횡단중,횡단중,운전자법규위반,과속,단일로,기타단일로,승용차,경형,보행자,보행자,1039512,1931243,127.9463007,37.37942523
2016,2016-04-22,15,주간,금,1,6,5,0,0,충남,서천군,차대차,정면충돌,정면충돌,운전자법규위반,중앙선 침범,단일로,기타단일로,승용차,중형,승용차,중형,934171,1782439,126.7692708,36.03659202
2016,2016-04-22,20,야간,금,1,1,0,0,0,전북,정읍시,차량단독,도로이탈,도로이탈 추락,운전자법규위반,안전운전 의무 불이행,단일로,기타단일로,승용차,대형,,,939058,1732219,126.8273443,35.58414677
2016,2016-04-20,30,야간,수,1,1,0,0,0,경기,용인시,차대사람,횡단중,횡단중,운전자법규위반,안전운전 의무 불이행,교차로,교차로부근,승용차,경형,보행자,보행자,965041,1923424,127.1054946,37.30913008
2016,2016-05-10,39,주간,화,1,1,0,0,0,제주,제주시,차량단독,공작물충돌,공작물충돌,운전자법규위반,안전운전 의무 불이행,단일로,기타단일로,승용차,대형,,,902604,1499165,126.4516723,33.47994862
2016,2016-05-08,30,야간,일,1,3,2,0,0,충남,예산군,차량단독,전도전복,전도전복,운전자법규위반,안전운전 의무 불이행,단일로,기타단일로,승용차,소형,,,924236,1860318,126.6514029,36.73789995
2016,2016-05-08,10,주간,일,1,1,0,0,0,충남,논산시,차대사람,횡단중,횡단중,운전자법규위반,안전운전 의무 불이행,교차로,교차로내,건설기계,건설기계,보행자,보행자,957990,1794292,127.0330298,36.14477259