발생년,발생년월일시분,발생분,주야,요일,사망자수,사상자수,중상자수,경상자수,부상신고자수,발생지시도,발생지시군구,사고유형_대분류,사고유형_중분류,사고유형,법규위반_대분류,법규위반,도로형태_대분류,도로형태,당사자종별_1당_대분류,당사자종별_1당,당사자종별_2당_대분류,당사자종별_2당,발생위치X_UTMK,발생위치Y_UTMK,경도,위도
2016,2016-06-02,53,야간,목,1,1,0,0,0,전남,강진군,차대사람,횡단중,횡단중,운전자법규위반,안전운전 의무 불이행,단일로,기타단일로,승합차,경형,보행자,보행자,929110,1616426,126.7274496,34.53943451
2016,2016-06-03,16,야간,금,1,1,0,0,0,경기,의정부시,차대사람,기타,기타,운전자법규위반,안전운전 의무 불이행,단일로,기타단일로,승용차,중형,보행자,보행자,960128,1967187,127.0476801,37.70338469
2016,2016-06-03,27,야간,금,1,1,0,0,0,서울,성동구,차대사람,길가장자리구역통행중,길가장자리구역통행중,운전자법규위반,안전운전 의무 불이행,교차로,교차로내,승용차,중형,보행자,보행자,959771,1950158,127.0445678,37.54988353
2016,2016-06-02,55,야간,목,1,1,0,0,0,울산,남구,차대사람,횡단중,횡단중,운전자법규위반,안전운전 의무 불이행,교차로,교차로내,승용차,소형,보행자,보행자,1164634,1727559,129.3158704,35.53033358
2016,2016-05-09,5,주간,월,1,1,0,0,0,강원,강릉시,차량단독,전도전복,전도전복,운전자법규위반,안전운전 의무 불이행,교차로,교차로내,이륜차,소형,,,1116798,1987195,128.8382451,37.86931864
2016,2016-05-07,55,주간,토,1,5,0,4,0,강원,원주시,차대차,정면충돌,정면충돌,운전자법규위반,안전운전 의무 불이행,교차로,교차로내,승용차,경형,승용차,경형,1036864,1924026,127.9160323,37.31448272
2016,2016-05-10,30,야간,화,1,1,0,0,0,경북,포항시,차대사람,횡단중,횡단중,운전자법규위반,안전운전 의무 불이행,단일로,기타단일로,승용차,중형,보행자,보행자,1167535,1783418,129.359543,36.03322331
2016,2016-05-20,0,주간,금,1,1,0,0,0,충남,논산시,차량단독,전도전복,전도전복,운전자법규위반,안전운전 의무 불이행,단일로,기타단일로,이륜차,소형,,,962905,1791482,127.0877946,36.11963956
2016,2016-05-18,35,야간,수,1,1,0,0,0,경북,성주군,차량단독,공작물충돌,공작물충돌,운전자법규위반,안전운전 의무 불이행,단일로,기타단일로,화물차,소형,,,1075820,1766326,128.3400833,35.8906058
2016,2016-05-23,45,야간,월,1,1,0,0,0,전북,남원시,차량단독,전도전복,전도전복,운전자법규위반,안전운전 의무 불이행,단일로,기타단일로,승용차,경형,,,979652,1702117,127.2761529,35.31439376
2016,2016-05-22,5,주간,일,1,2,1,0,0,인천,남동구,차대차,추돌,진행중 추돌,운전자법규위반,안전거리 미확보,단일로,기타단일로,이륜차,중형,이륜차,중형,932473,1936278,126.7368212,37.42318836
2016,2016-05-22,45,주간,일,1,1,0,0,0,충북,음성군,차대차,추돌,진행중 추돌,운전자법규위반,중앙선 침범,단일로,기타단일로,승용차,중형,이륜차,소형,1009575,1892632,127.6076586,37.0321745
2016,2016-05-22,0,야간,일,1,1,0,0,0,대구,달서구,차대사람,횡단중,횡단중,운전자법규위반,안전운전 의무 불이행,단일로,기타단일로,승용차,중형,보행자,보행자,1093660,1762637,128.5372901,35.85580563
2016,2016-05-28,24,주간,토,1,1,0,0,0,경기,안성시,차대사람,기타,기타,운전자법규위반,안전운전 의무 불이행,단일로,기타단일로,승용차,소형,보행자,보행자,972044,1893916,127.1856249,37.0433813
2016,2016-05-26,7,야간,목,1,3,2,0,0,인천,옹진군,차대차,정면충돌,정면충돌,운전자법규위반,중앙선 침범,단일로,기타단일로,승용차,중형,승용차,중형,908979,1917572,126.4736267,37.25258903
2016,2016-05-25,50,주간,수,1,1,0,0,0,인천,남동구,차대차,측면직각충돌,측면직각충돌,운전자법규위반,신호위반,교차로,교차로내,자전거,자전거,승용차,경형,931316,1934159,126.7239431,37.40400474
2016,2016-05-26,50,야간,목,1,2,0,1,0,전남,장흥군,차대차,측면직각충돌,측면직각충돌,운전자법규위반,중앙선 침범,단일로,기타단일로,농기계,농기계,승용차,중형,937734,1645311,126.8192992,34.80045746
2016,2016-06-01,0,야간,수,1,1,0,0,0,경북,군위군,차대사람,길가장자리구역통행중,길가장자리구역통행중,운전자법규위반,안전운전 의무 불이행,교차로,교차로부근,승용차,중형,보행자,보행자,1096387,1808384,128.5730726,36.26791709
2016,2016-06-03,10,주간,금,1,1,0,0,0,경기,안성시,차대차,추돌,진행중 추돌,운전자법규위반,안전운전 의무 불이행,교차로,교차로부근,승용차,경형,자전거,자전거,979319,1891051,127.2675129,37.01774387
2016,2016-06-03,15,야간,금,1,1,0,0,0,강원,양양군,차량단독,전도전복,전도전복,운전자법규위반,안전운전 의무 불이행,단일로,기타단일로,승용차,소형,,,1080186,2010661,128.4144488,38.09252761
2016,2016-05-06,35,야간,금,1,2,1,0,0,충남,천안시,차량단독,공작물충돌,공작물충돌,운전자법규위반,안전운전 의무 불이행,단일로,기타단일로,원동기장치자전거,원동기장치자전거,,,974849,1861062,127.2182584,36.74729899
2016,2016-05-10,32,주간,화,1,1,0,0,0,경기,평택시,차대사람,횡단중,횡단중,운전자법규위반,안전운전 의무 불이행,단일로,횡단보도상,승용차,경형,보행자,보행자,947897,1883057,126.9148437,36.94446844
2016,2016-05-07,10,주간,토,1,2,1,0,0,충남,청양군,차대차,추돌,진행중 추돌,운전자법규위반,안전운전 의무 불이행,단일로,기타단일로,건설기계,건설기계,농기계,농기계,937192,1820535,126.7997499,36.3802255
2016,2016-06-03,40,야간,금,1,2,0,1,0,충북,청주시,차대차,정면충돌,정면충돌,운전자법규위반,교차로 통행방법 위반,교차로,교차로내,이륜차,소형,화물차,소형,996764,1849682,127.4637983,36.64503754
2016,2016-06-03,0,야간,금,1,1,0,0,0,강원,원주시,차대사람,기타,기타,운전자법규위반,안전운전 의무 불이행,단일로,기타단일로,승용차,중형,보행자,보행자,1031473,1925749,127.8558132,37.32993242
2016,2016-06-03,50,주간,금,1,1,0,0,0,전북,무주군,차대차,정면충돌,정면충돌,운전자법규위반,중앙선 침범,단일로,기타단일로,화물차,소형,이륜차,사발이,1026179,1776995,127.7904266,35.98938441
2016,2016-06-03,30,주간,금,1,1,0,0,0,충북,충주시,차량단독,전도전복,전도전복,운전자법규위반,안전운전 의무 불이행,단일로,기타단일로,원동기장치자전거,원동기장치자전거,,,1027100,1887156,127.804506,36.98246987
2016,2016-06-03,20,야간,금,1,1,0,0,0,전북,완주군,차대차,기타,기타,운전자법규위반,중앙선 침범,단일로,기타단일로,원동기장치자전거,원동기장치자전거,승용차,소형,970464,1770572,127.1725709,35.93137963
2016,2016-05-09,10,주간,월,1,1,0,0,0,경북,칠곡군,차대차,측면직각충돌,측면직각충돌,운전자법규위반,교차로 통행방법 위반,교차로,교차로내,화물차,소형,이륜차,소형,1082145,1776641,128.4112232,35.98308387
2016,2016-05-09,27,주간,월,1,1,0,0,0,전북,완주군,차대차,측면직각충돌,측면직각충돌,운전자법규위반,안전운전 의무 불이행,단일로,기타단일로,화물차,소형,이륜차,소형,966212,1771174,127.1254095,35.93666936
2016,2016-05-12,40,주간,목,1,1,0,0,0,인천,계양구,차대사람,횡단중,횡단중,운전자법규위반,안전운전 의무 불이행,단일로,기타단일로,승합차,경형,보행자,보행자,930272,1948277,126.7108825,37.53130687
2016,2016-05-11,50,주간,수,1,1,0,0,0,전남,함평군,차대차,정면충돌,정면충돌,운전자법규위반,안전운전 의무 불이행,교차로,교차로내,건설기계,건설기계,자전거,자전거,920212,1688933,126.6235804,35.19254858
2016,2016-05-12,40,주간,목,1,2,1,0,0,충남,아산시,차대차,정면충돌,정면충돌,운전자법규위반,중앙선 침범,단일로,기타단일로,특수차,대형,승용차,중형,947584,1877514,126.9117126,36.89448605
2016,2016-05-15,50,야간,일,1,1,0,0,0,경기,가평군,차량단독,기타,기타,운전자법규위반,안전운전 의무 불이행,단일로,기타단일로,승용차,대형,,,999014,1966734,127.488815,37.70016868
2016,2016-05-20,25,주간,금,1,1,0,0,0,대구,북구,차대차,추돌,진행중 추돌,운전자법규위반,안전운전 의무 불이행,단일로,기타단일로,승용차,중형,이륜차,중형,1094588,1769371,128.5483661,35.9164208
2016,2016-05-19,10,주간,목,1,2,1,0,0,경기,화성시,차대차,추돌,진행중 추돌,운전자법규위반,안전운전 의무 불이행,단일로,기타단일로,화물차,중형,화물차,소형,958140,1913583,127.0281741,37.22014084
2016,2016-05-19,0,야간,목,1,1,0,0,0,경북,포항시,차대사람,횡단중,횡단중,운전자법규위반,안전운전 의무 불이행,단일로,기타단일로,승용차,소형,보행자,보행자,1167911,1776428,129.3622323,35.9701705
2016,2016-05-23,45,야간,월,1,1,0,0,0,대전,유성구,차대사람,횡단중,횡단중,운전자법규위반,신호위반,단일로,횡단보도상,승용차,대형,보행자,보행자,987804,1820812,127.3640173,36.38469779
2016,2016-06-05,5,주간,일,1,1,0,0,0,경북,영주시,차량단독,전도전복,전도전복,운전자법규위반,안전운전 의무 불이행,단일로,기타단일로,승용차,소형,,,1099187,1869079,128.6120479,36.81470385
2016,2016-06-03,30,야간,금,1,1,0,0,0,전남,영암군,차대사람,기타,기타,운전자법규위반,안전운전 의무 불이행,단일로,기타단일로,화물차,소형,보행자,보행자,919258,1653802,126.6165182,34.87572026
2016,2016-06-01,20,야간,수,1,1,0,0,0,충남,서산시,차대사람,횡단중,횡단중,운전자법규위반,과속,교차로,교차로내,승용차,경형,보행자,보행자,906211,1864951,126.4489715,36.77804781
2016,2016-06-03,5,주간,금,1,2,1,0,0,전북,군산시,차대차,측면직각충돌,측면직각충돌,운전자법규위반,안전운전 의무 불이행,단일로,기타단일로,승용차,중형,원동기장치자전거,원동기장치자전거,930009,1775761,126.7236651,35.97609872
2016,2016-06-03,50,야간,금,1,1,0,0,0,전남,해남군,차대차,측면직각충돌,측면직각충돌,운전자법규위반,신호위반,교차로,교차로내,화물차,소형,이륜차,소형,914587,1627338,126.5680987,34.63672273
2016,2016-06-03,20,주간,금,1,1,0,0,0,경남,함안군,차대차,측면직각충돌,측면직각충돌,운전자법규위반,부당한 회전,단일로,기타단일로,농기계,농기계,특수차,대형,1091175,1702458,128.5029835,35.31351596
2016,2016-05-04,45,주간,수,1,2,1,0,0,경기,김포시,차대사람,횡단중,횡단중,운전자법규위반,안전운전 의무 불이행,교차로,교차로내,이륜차,소형,보행자,보행자,923319,1961973,126.6306899,37.65405325
2016,2016-05-04,50,주간,수,1,1,0,0,0,경기,성남시,차량단독,전도전복,전도전복,운전자법규위반,안전운전 의무 불이행,단일로,기타단일로,원동기장치자전거,원동기장치자전거,,,965666,1940500,127.1117546,37.46307019
2016,2016-05-10,5,야간,화,1,1,0,0,0,경북,포항시,차대사람,횡단중,횡단중,운전자법규위반,안전운전 의무 불이행,단일로,기타단일로,승용차,중형,보행자,보행자,1172197,1775722,129.4095899,35.96306178
2016,2016-05-12,0,야간,목,1,1,0,0,0,경북,포항시,차대사람,횡단중,횡단중,운전자법규위반,안전운전 의무 불이행,교차로,교차로부근,화물차,중형,보행자,보행자,1167017,1780748,129.3532325,36.00925246
2016,2016-05-11,26,주간,수,1,1,0,0,0,서울,서대문구,차대차,측면직각충돌,측면직각충돌,운전자법규위반,안전운전 의무 불이행,단일로,기타단일로,승합차,대형,자전거,자전거,950194,1954345,126.9358665,37.58715353
2016,2016-06-25,0,야간,토,1,1,0,0,0,전북,익산시,차대사람,횡단중,횡단중,운전자법규위반,안전운전 의무 불이행,단일로,기타단일로,승용차,중형,보행자,보행자,950097,1771495,126.9467367,35.93887296
2016,2016-06-26,0,주간,일,1,1,0,0,0,경기,화성시,차대차,정면충돌,정면충돌,운전자법규위반,교차로 통행방법 위반,교차로,교차로내,승용차,경형,이륜차,소형,946320,1907774,126.8953685,37.16717502
2016,2016-06-30,0,주간,목,1,2,0,1,0,전남,순천시,차대차,측면직각충돌,측면직각충돌,운전자법규위반,신호위반,교차로,교차로내,승용차,경형,건설기계,건설기계,1008683,1655785,127.5950352,34.89677498
2016,2016-06-30,10,야간,목,1,1,0,0,0,전북,익산시,차대사람,기타,기타,운전자법규위반,안전운전 의무 불이행,교차로,교차로내,승용차,대형,보행자,보행자,951312,1773719,126.9600702,35.95898502
2016,2016-06-30,20,주간,목,1,1,0,0,0,전북,정읍시,차대차,추돌,진행중 추돌,운전자법규위반,안전거리 미확보,교차로,교차로부근,자전거,자전거,화물차,중형,947433,1742667,126.9190988,35.67882671
2016,2016-06-29,38,야간,수,1,1,0,0,0,충남,서산시,차대사람,횡단중,횡단중,운전자법규위반,안전운전 의무 불이행,단일로,기타단일로,승용차,대형,보행자,보행자,909225,1865972,126.4826207,36.78754402
2016,2016-07-04,38,야간,월,1,1,0,0,0,서울,서초구,차대사람,기타,기타,운전자법규위반,안전운전 의무 불이행,단일로,기타단일로,승용차,중형,보행자,보행자,958634,1942891,127.0321054,37.48433325
2016,2016-07-04,5,주간,월,1,1,0,0,0,충북,음성군,차대차,측면직각충돌,측면직각충돌,운전자법규위반,중앙선 침범,단일로,기타단일로,화물차,소형,자전거,자전거,1021853,1880252,127.7453496,36.92037089
2016,2016-07-03,30,주간,일,2,4,2,0,0,경기,포천시,차대차,정면충돌,정면충돌,운전자법규위반,중앙선 침범,단일로,기타단일로,승용차,경형,승용차,경형,989870,2003626,127.3845695,38.03262402
2016,2016-07-03,30,주간,일,1,1,0,0,0,경남,김해시,차대차,측면직각충돌,측면직각충돌,운전자법규위반,안전운전 의무 불이행,교차로,교차로부근,자전거,자전거,승용차,중형,1127886,1693599,128.9053551,35.22963481
2016,2016-07-08,26,야간,금,1,1,0,0,0,경북,상주시,차대차,추돌,진행중 추돌,운전자법규위반,안전운전 의무 불이행,단일로,기타단일로,승합차,소형,농기계,농기계,1057430,1834194,128.1413065,36.50369386
2016,2016-07-09,10,야간,토,1,1,0,0,0,경기,이천시,차대차,추돌,진행중 추돌,운전자법규위반,안전운전 의무 불이행,교차로,교차로부근,원동기장치자전거,원동기장치자전거,승용차,소형,995901,1921197,127.4537554,37.28970448
2016,2016-07-09,0,야간,토,1,1,0,0,0,경기,부천시,차대차,측면직각충돌,측면직각충돌,운전자법규위반,신호위반,교차로,교차로내,화물차,대형,이륜차,중형,937196,1948293,126.7891708,37.53181218
2016,2016-07-09,10,주간,토,1,1,0,0,0,인천,부평구,차대차,측면직각충돌,측면직각충돌,운전자법규위반,안전운전 의무 불이행,단일로,기타단일로,승용차,경형,자전거,자전거,930533,1943812,126.7141873,37.49094785
2016,2016-07-08,50,주간,금,1,1,0,0,0,충북,충주시,차대차,기타,기타,운전자법규위반,안전운전 의무 불이행,교차로,교차로부근,원동기장치자전거,원동기장치자전거,화물차,소형,1033294,1897367,127.8745546,37.07431489
2016,2016-07-06,45,야간,수,1,1,0,0,0,울산,남구,차대사람,기타,기타,운전자법규위반,안전운전 의무 불이행,단일로,기타단일로,승용차,중형,보행자,보행자,1164134,1729085,129.3106671,35.54416897
2016,2016-07-07,35,야간,목,1,1,0,0,0,전남,나주시,차량단독,전도전복,전도전복,운전자법규위반,안전운전 의무 불이행,단일로,기타단일로,농기계,농기계,,,932852,1672262,126.763765,35.0431594
2016,2016-08-22,38,야간,월,1,1,0,0,0,제주,제주시,차대사람,횡단중,횡단중,운전자법규위반,안전운전 의무 불이행,교차로,교차로부근,승합차,경형,보행자,보행자,909590,1502468,126.5264133,33.51026919
2016,2016-08-22,10,야간,월,1,2,0,1,0,경기,양주시,차대차,측면직각충돌,측면직각충돌,운전자법규위반,안전운전 의무 불이행,교차로,교차로내,원동기장치자전거,원동기장치자전거,화물차,소형,952739,1989429,126.9624091,37.90349618
2016,2016-08-21,51,야간,일,1,1,0,0,0,부산,금정구,차대사람,기타,기타,운전자법규위반,안전운전 의무 불이행,기타/불명,기타/불명,승용차,경형,보행자,보행자,1146525,1692196,129.1098641,35.2144379
2016,2016-08-27,55,주간,토,1,1,0,0,0,경남,창원시(통합),차대차,기타,기타,운전자법규위반,안전운전 의무 불이행,단일로,기타단일로,원동기장치자전거,원동기장치자전거,승용차,중형,1091395,1693678,128.5044256,35.23433852
2016,2016-09-12,44,주간,월,2,3,1,0,0,경북,경주시,차대차,기타,기타,운전자법규위반,중앙선 침범,교차로,교차로부근,승용차,경형,화물차,소형,1153184,1762233,129.1962355,35.84466694
2016,2016-09-09,35,야간,금,1,1,0,0,0,전북,정읍시,차대차,측면직각충돌,측면직각충돌,운전자법규위반,과속,교차로,교차로부근,승용차,소형,자전거,자전거,935177,1729389,126.7826828,35.55797263
2016,2016-09-14,55,주간,수,1,1,0,0,0,강원,양구군,차량단독,공작물충돌,공작물충돌,운전자법규위반,안전운전 의무 불이행,단일로,기타단일로,이륜차,대형,,,1046014,2009889,128.024719,38.08795644
2016,2016-07-18,5,야간,월,1,2,0,0,1,서울,강서구,차대차,측면직각충돌,측면직각충돌,운전자법규위반,신호위반,교차로,교차로내,원동기장치자전거,원동기장치자전거,승용차,소형,940549,1951366,126.8267626,37.55976771
2016,2016-07-19,0,주간,화,1,1,0,0,0,강원,횡성군,차량단독,전도전복,전도전복,운전자법규위반,안전운전 의무 불이행,단일로,기타단일로,농기계,농기계,,,1045976,1941775,128.0199672,37.47405637
2016,2016-07-24,0,야간,일,1,1,0,0,0,경기,이천시,차량단독,공작물충돌,공작물충돌,운전자법규위반,안전운전 의무 불이행,교차로,교차로부근,승용차,소형,,,991660,1922722,127.4058917,37.30342242
2016,2016-07-24,28,야간,일,1,2,1,0,0,충남,천안시,차량단독,전도전복,전도전복,운전자법규위반,안전운전 의무 불이행,교차로,교차로부근,이륜차,소형,,,977094,1860245,127.2434312,36.73999084
2016,2016-07-24,50,야간,일,1,1,0,0,0,부산,동구,차대사람,기타,기타,운전자법규위반,중앙선 침범,단일로,기타단일로,승용차,중형,보행자,보행자,1139836,1682195,129.0347012,35.12524431
2016,2016-07-23,10,야간,토,1,1,0,0,0,경북,경주시,차대사람,기타,기타,운전자법규위반,안전운전 의무 불이행,교차로,교차로부근,승용차,경형,보행자,보행자,1177675,1743432,129.4631281,35.67111817
2016,2016-07-22,44,야간,금,1,1,0,0,0,대구,달서구,차대사람,횡단중,횡단중,운전자법규위반,보행자 보호의무 위반,단일로,횡단보도상,승용차,중형,보행자,보행자,1095264,1761219,128.5548825,35.8428682
2016,2016-07-27,50,주간,수,1,2,1,0,0,전북,익산시,차대차,추돌,진행중 추돌,운전자법규위반,안전운전 의무 불이행,교차로,교차로부근,화물차,소형,화물차,소형,951744,1785067,126.9641688,36.06131476
2016,2016-07-26,35,주간,화,1,3,1,1,0,충남,태안군,차대차,측면직각충돌,측면직각충돌,운전자법규위반,직진 및 우회전차의 통행방해,교차로,교차로내,승용차,대형,건설기계,건설기계,897735,1833283,126.358223,36.49174127
2016,2016-07-27,16,주간,수,1,1,0,0,0,대구,북구,차대사람,기타,기타,운전자법규위반,보행자 보호의무 위반,단일로,횡단보도상,승용차,중형,보행자,보행자,1100569,1768347,128.6144889,35.90647338
2016,2016-07-31,0,야간,일,1,1,0,0,0,전남,광양시,차대차,측면직각충돌,측면직각충돌,운전자법규위반,신호위반,교차로,교차로부근,이륜차,소형,승용차,소형,1007460,1664216,127.5817249,34.9728115
2016,2016-08-01,0,주간,월,1,1,0,0,0,경남,합천군,차량단독,공작물충돌,공작물충돌,운전자법규위반,안전운전 의무 불이행,단일로,기타단일로,화물차,소형,,,1056251,1740891,128.1214857,35.66261116
2016,2016-07-31,17,주간,일,1,1,0,0,0,부산,진구,차대사람,기타,기타,운전자법규위반,안전운전 의무 불이행,단일로,기타단일로,화물차,소형,보행자,보행자,1141048,1685749,129.0486054,35.15711068
2016,2016-07-31,20,야간,일,1,2,1,0,0,서울,서초구,차량단독,공작물충돌,공작물충돌,운전자법규위반,과속,기타/불명,기타/불명,승용차,중형,,,954776,1940414,126.9886208,37.46182631
2016,2016-08-04,55,주간,목,1,1,0,0,0,전북,군산시,차량단독,전도전복,전도전복,운전자법규위반,안전운전 의무 불이행,단일로,기타단일로,자전거,자전거,,,939906,1778669,126.833214,36.00297537
2016,2016-08-09,10,주간,화,1,1,0,0,0,경북,의성군,차대차,측면직각충돌,측면직각충돌,운전자법규위반,교차로 통행방법 위반,교차로,교차로내,승용차,경형,이륜차,소형,1085304,1817674,128.4507185,36.35270265
2016,2016-08-14,12,주간,일,1,27,8,18,0,전남,여수시,차대차,정면충돌,정면충돌,운전자법규위반,안전운전 의무 불이행,단일로,터널안,화물차,대형,승용차,소형,1022770,1640975,127.7488142,34.76300587
2016,2016-08-16,0,야간,화,1,3,1,0,1,경기,남양주시,차대차,측면직각충돌,측면직각충돌,운전자법규위반,신호위반,교차로,교차로내,승용차,경형,이륜차,소형,976816,1950701,127.2375144,37.55536446
2016,2016-08-21,14,야간,일,1,2,1,0,0,충남,예산군,차량단독,전도전복,전도전복,운전자법규위반,안전운전 의무 불이행,단일로,기타단일로,승용차,대형,,,925276,1854674,126.6636019,36.68710797
2016,2016-08-19,0,주간,금,1,1,0,0,0,충남,서산시,차대차,정면충돌,정면충돌,운전자법규위반,중앙선 침범,단일로,교량위,승용차,중형,건설기계,건설기계,904509,1863073,126.4301366,36.76095098
2016,2016-08-28,45,야간,일,1,1,0,0,0,서울,성북구,차량단독,공작물충돌,공작물충돌,운전자법규위반,안전운전 의무 불이행,단일로,기타단일로,승합차,경형,,,955749,1956717,126.9987263,37.60879725
2016,2016-08-26,32,야간,금,1,1,0,0,0,서울,도봉구,차대사람,횡단중,횡단중,운전자법규위반,과속,단일로,횡단보도상,승용차,중형,보행자,보행자,958653,1961382,127.0312771,37.65099832
2016,2016-08-26,30,주간,금,1,1,0,0,0,부산,연제구,차대차,기타,기타,운전자법규위반,차로위반(진로변경 위반),교차로,교차로부근,승용차,중형,원동기장치자전거,원동기장치자전거,1143583,1688361,129.0768831,35.18029573
2016,2016-09-15,0,주간,목,1,2,1,0,0,경남,밀양시,차량단독,공작물충돌,공작물충돌,운전자법규위반,안전운전 의무 불이행,단일로,기타단일로,승용차,소형,,,1117139,1713775,128.7901691,35.41282832
2016,2016-09-17,25,주간,토,1,1,0,0,0,부산,사상구,차대차,측면직각충돌,측면직각충돌,운전자법규위반,안전거리 미확보,단일로,기타단일로,승용차,소형,화물차,중형,1133616,1683673,128.9666211,35.13903563
2016,2016-09-17,0,야간,토,1,1,0,0,0,인천,남구,차대사람,기타,기타,운전자법규위반,안전운전 의무 불이행,단일로,기타단일로,승용차,중형,보행자,보행자,927468,1939777,126.6799165,37.45434558
2016,2016-07-28,25,야간,목,1,1,0,0,0,충북,청주시,차량단독,전도전복,전도전복,운전자법규위반,안전운전 의무 불이행,단일로,기타단일로,농기계,농기계,,,1002108,1855488,127.5235986,36.69738138
2016,2016-08-04,18,주간,목,1,1,0,0,0,경북,경주시,차대차,측면직각충돌,측면직각충돌,운전자법규위반,안전운전 의무 불이행,단일로,기타단일로,원동기장치자전거,원동기장치자전거,승용차,경형,1158551,1777583,129.2587006,35.98214497
2016,2016-08-04,30,주간,목,1,6,4,1,0,경기,용인시,차대사람,기타,기타,운전자법규위반,기타(운전자법규위반),단일로,기타단일로,승합차,소형,보행자,보행자,967540,1925929,127.1335852,37.33180019
2016,2016-08-02,30,주간,화,1,1,0,0,0,전북,장수군,차량단독,전도전복,전도전복,운전자법규위반,안전운전 의무 불이행,기타/불명,기타/불명,농기계,농기계,,,1001896,1730331,127.5209236,35.56899862
2016,2016-08-09,45,주간,화,1,1,0,0,0,전남,나주시,차대차,측면직각충돌,측면직각충돌,운전자법규위반,교차로 통행방법 위반,교차로,교차로내,화물차,소형,원동기장치자전거,원동기장치자전거,928680,1661166,126.7189764,34.9428249
2016,2016-08-09,10,주간,화,1,1,0,0,0,전북,김제시,차대차,측면직각충돌,측면직각충돌,운전자법규위반,직진 및 우회전차의 통행방해,교차로,교차로부근,원동기장치자전거,원동기장치자전거,건설기계,건설기계,953624,1764700,126.9862345,35.877785
2016,2016-08-08,3,야간,월,1,1,0,0,0,전남,목포시,차대사람,횡단중,횡단중,운전자법규위반,안전운전 의무 불이행,단일로,기타단일로,승용차,경형,보행자,보행자,901960,1647019,126.428063,34.81304159
2016,2016-08-07,0,야간,일,1,1,0,0,0,강원,횡성군,차량단독,기타,기타,운전자법규위반,기타(운전자법규위반),단일로,기타단일로,화물차,소형,,,1063647,1950384,128.2205511,37.55060032
2016,2016-08-06,30,주간,토,1,1,0,0,0,충북,괴산군,차대차,추돌,진행중 추돌,운전자법규위반,안전운전 의무 불이행,단일로,기타단일로,승용차,대형,이륜차,소형,1011833,1864154,127.6326018,36.77543234
2016,2016-11-21,20,주간,월,1,1,0,0,0,경기,화성시,차대차,추돌,진행중 추돌,운전자법규위반,안전운전 의무 불이행,단일로,기타단일로,화물차,소형,건설기계,건설기계,939069,1901001,126.8142521,37.10568124
2016,2016-11-23,55,주간,수,1,2,1,0,0,경북,영천시,차대차,추돌,진행중 추돌,운전자법규위반,안전운전 의무 불이행,단일로,기타단일로,화물차,소형,화물차,소형,1133535,1772188,128.9803979,35.93726637
2016,2016-11-23,50,야간,수,1,2,0,1,0,광주,광산구,차대차,추돌,진행중 추돌,운전자법규위반,안전운전 의무 불이행,단일로,기타단일로,승용차,대형,화물차,중형,939259,1686910,126.8329338,35.17564146
2016,2016-11-24,0,주간,목,1,1,0,0,0,서울,영등포구,차대차,측면직각충돌,측면직각충돌,운전자법규위반,안전운전 의무 불이행,교차로,교차로부근,건설기계,건설기계,자전거,자전거,947627,1947490,126.907282,37.52522622
2016,2016-11-02,35,주간,수,1,2,0,1,0,서울,동작구,차대차,추돌,진행중 추돌,운전자법규위반,안전운전 의무 불이행,교차로,교차로부근,화물차,소형,승합차,대형,951271,1944892,126.9486925,37.50200962
2016,2016-10-30,37,야간,일,1,1,0,0,0,경북,안동시,차대사람,횡단중,횡단중,운전자법규위반,안전운전 의무 불이행,단일로,기타단일로,승용차,경형,보행자,보행자,1109813,1841313,128.7271756,36.56328015
2016,2016-11-04,15,야간,금,1,1,0,0,0,경남,진주시,차대사람,횡단중,횡단중,운전자법규위반,안전운전 의무 불이행,단일로,횡단보도부근,승용차,경형,보행자,보행자,1055804,1687904,128.1129175,35.18489046
2016,2016-11-02,5,야간,수,1,1,0,0,0,충북,청주시,차량단독,공작물충돌,공작물충돌,운전자법규위반,안전운전 의무 불이행,단일로,기타단일로,이륜차,중형,,,999047,1851976,127.4893358,36.66572287
2016,2016-12-07,46,야간,수,1,2,0,1,0,경북,영덕군,차대차,측면직각충돌,측면직각충돌,운전자법규위반,부당한 회전,교차로,교차로내,화물차,소형,승용차,대형,1168385,1809601,129.3745814,36.26900884
2016,2016-12-10,17,야간,토,1,1,0,0,0,경기,이천시,차대사람,횡단중,횡단중,운전자법규위반,안전운전 의무 불이행,단일로,기타단일로,승용차,소형,보행자,보행자,999983,1921167,127.4998082,37.2894431
2016,2016-12-10,48,야간,토,1,1,0,0,0,울산,남구,차대사람,횡단중,횡단중,운전자법규위반,안전운전 의무 불이행,단일로,기타단일로,승용차,중형,보행자,보행자,1163944,1728292,129.3084116,35.5370538
2016,2016-12-07,15,야간,수,1,1,0,0,0,부산,진구,차대사람,횡단중,횡단중,운전자법규위반,안전운전 의무 불이행,단일로,기타단일로,승용차,중형,보행자,보행자,1139606,1685103,129.0326691,35.15148896