발생년,발생년월일시분,발생분,주야,요일,사망자수,사상자수,중상자수,경상자수,부상신고자수,발생지시도,발생지시군구,사고유형_대분류,사고유형_중분류,사고유형,법규위반_대분류,법규위반,도로형태_대분류,도로형태,당사자종별_1당_대분류,당사자종별_1당,당사자종별_2당_대분류,당사자종별_2당,발생위치X_UTMK,발생위치Y_UTMK,경도,위도
2016,2016-10-08,30,주간,토,1,5,3,1,0,경기,양평군,차대차,기타,기타,운전자법규위반,안전운전 의무 불이행,단일로,기타단일로,승용차,대형,승용차,중형,995037,1945802,127.4438426,37.51148518
2016,2016-10-13,50,주간,목,1,1,0,0,0,경기,평택시,차대차,추돌,진행중 추돌,운전자법규위반,안전운전 의무 불이행,단일로,기타단일로,승용차,중형,승용차,경형,961362,1897504,127.0653203,37.07534473
2016,2016-10-15,30,야간,토,1,1,0,0,0,경북,경주시,차대사람,기타,기타,운전자법규위반,안전운전 의무 불이행,교차로,교차로내,승용차,중형,승용차,중형,1160887,1762685,129.2815873,35.84750619
2016,2016-10-15,38,야간,토,1,1,0,0,0,세종,세종,차대사람,기타,기타,운전자법규위반,안전운전 의무 불이행,기타/불명,기타/불명,승용차,소형,보행자,보행자,981241,1844097,127.2902766,36.59450971
2016,2016-10-19,34,야간,수,1,1,0,0,0,경기,고양시,차대차,측면직각충돌,측면직각충돌,운전자법규위반,신호위반,교차로,교차로내,승용차,중형,이륜차,소형,944897,1953629,126.8759264,37.58039824
2016,2016-10-16,35,주간,일,1,1,0,0,0,울산,중구,차대사람,횡단중,횡단중,운전자법규위반,안전운전 의무 불이행,단일로,기타단일로,화물차,경형,보행자,보행자,1161178,1730245,129.2783026,35.55510837
2016,2016-10-17,10,주간,월,1,1,0,0,0,강원,동해시,차대사람,횡단중,횡단중,운전자법규위반,안전운전 의무 불이행,단일로,횡단보도상,승용차,중형,보행자,보행자,1142686,1948341,129.1147234,37.52334413
2016,2016-10-23,33,야간,일,1,1,0,0,0,전남,나주시,차대사람,차도통행중,차도통행중,운전자법규위반,안전운전 의무 불이행,단일로,기타단일로,화물차,소형,보행자,보행자,940049,1671796,126.8427043,35.03941075
2016,2016-10-25,43,주간,화,1,1,0,0,0,인천,중구,차대사람,횡단중,횡단중,운전자법규위반,안전운전 의무 불이행,교차로,교차로내,승합차,대형,보행자,보행자,920700,1939490,126.6034332,37.4512032
2016,2016-10-24,20,야간,월,1,1,0,0,0,경남,함양군,차대사람,차도통행중,차도통행중,운전자법규위반,안전운전 의무 불이행,단일로,기타단일로,승용차,경형,보행자,보행자,1022757,1720558,127.7508627,35.48061991
2016,2016-10-25,33,주간,화,1,1,0,0,0,부산,강서구,차대사람,횡단중,횡단중,운전자법규위반,신호위반,단일로,횡단보도상,승합차,대형,보행자,보행자,1129004,1679547,128.9196946,35.09575722
2016,2016-10-25,38,야간,화,1,2,1,0,0,충북,음성군,차대차,측면직각충돌,측면직각충돌,운전자법규위반,안전운전 의무 불이행,교차로,교차로내,이륜차,소형,화물차,중형,996898,1886783,127.4651461,36.97949288
2016,2016-10-27,0,주간,목,1,1,0,0,0,경남,창녕군,차대사람,횡단중,횡단중,운전자법규위반,안전운전 의무 불이행,교차로,교차로내,화물차,소형,보행자,보행자,1089079,1710773,128.4808352,35.38866966
2016,2016-10-24,51,주간,월,1,1,0,0,0,부산,금정구,차대사람,보도통행중,보도통행중,운전자법규위반,기타(운전자법규위반),단일로,기타단일로,승용차,경형,보행자,보행자,1144508,1697692,129.0885799,35.26430845
2016,2016-10-21,28,야간,금,1,3,1,1,0,전북,정읍시,차대차,추돌,진행중 추돌,운전자법규위반,안전운전 의무 불이행,단일로,기타단일로,화물차,소형,농기계,농기계,943024,1743299,126.8694485,35.68488739
2016,2016-10-06,11,야간,목,1,1,0,0,0,경북,울릉군,차량단독,전도전복,전도전복,운전자법규위반,안전운전 의무 불이행,교차로,교차로부근,이륜차,사발이,,,1296967,1953740,130.8608095,37.53518822
2016,2016-09-14,5,야간,수,1,1,0,0,0,대구,수성구,차량단독,전도전복,전도전복,운전자법규위반,안전운전 의무 불이행,교차로,교차로내,승용차,소형,,,1103671,1763892,128.6270641,35.86674161
2016,2016-09-13,20,야간,화,1,1,0,0,0,경북,영주시,차대사람,횡단중,횡단중,운전자법규위반,안전운전 의무 불이행,단일로,기타단일로,승용차,경형,보행자,보행자,1099154,1870422,128.6118531,36.82681177
2016,2016-09-14,40,야간,수,1,1,0,0,0,제주,제주시,차량단독,공작물충돌,공작물충돌,운전자법규위반,안전운전 의무 불이행,단일로,기타단일로,이륜차,소형,,,903134,1500427,126.4572257,33.49128376
2016,2016-10-17,45,야간,월,1,1,0,0,0,경북,영천시,차대사람,횡단중,횡단중,운전자법규위반,보행자 보호의무 위반,교차로,교차로부근,원동기장치자전거,원동기장치자전거,보행자,보행자,1130429,1793740,128.9495298,36.13193434
2016,2016-10-18,5,야간,화,1,1,0,0,0,광주,광산구,차대사람,횡단중,횡단중,운전자법규위반,안전운전 의무 불이행,교차로,교차로부근,승용차,중형,보행자,보행자,936985,1685274,126.808087,35.16075032
2016,2016-10-18,45,주간,화,1,1,0,0,0,전북,진안군,차대사람,횡단중,횡단중,운전자법규위반,안전운전 의무 불이행,단일로,기타단일로,화물차,중형,보행자,보행자,988335,1748494,127.3710064,35.73269742
2016,2016-10-19,40,주간,수,1,1,0,0,0,전남,여수시,차량단독,전도전복,전도전복,운전자법규위반,안전운전 의무 불이행,단일로,기타단일로,농기계,농기계,,,1005080,1646090,127.5555417,34.80937324
2016,2016-10-21,5,주간,금,1,1,0,0,0,경남,창원시(통합),차량단독,전도전복,전도전복,운전자법규위반,안전운전 의무 불이행,단일로,기타단일로,승용차,중형,,,1112526,1681511,128.7349501,35.1225025
2016,2016-10-19,0,주간,수,1,2,1,0,0,충북,청주시,차대차,측면직각충돌,측면직각충돌,운전자법규위반,중앙선 침범,단일로,기타단일로,화물차,소형,승용차,대형,999421,1852024,127.4935209,36.66615589
2016,2016-10-14,5,야간,금,1,1,0,0,0,경북,영천시,차대사람,횡단중,횡단중,운전자법규위반,보행자 보호의무 위반,단일로,횡단보도상,승용차,중형,보행자,보행자,1138728,1779368,129.0392062,36.00125408
2016,2016-10-14,25,야간,금,1,4,0,3,0,경기,김포시,차대차,기타,기타,운전자법규위반,안전운전 의무 불이행,단일로,기타단일로,승용차,소형,원동기장치자전거,원동기장치자전거,937356,1954570,126.7904453,37.58839693
2016,2016-10-27,14,야간,목,1,1,0,0,0,강원,원주시,차대사람,횡단중,횡단중,운전자법규위반,안전운전 의무 불이행,단일로,기타단일로,승용차,경형,보행자,보행자,1031676,1907028,127.856761,37.16145595
2016,2016-10-22,45,주간,토,1,2,0,1,0,경기,광명시,차대차,측면직각충돌,측면직각충돌,운전자법규위반,신호위반,교차로,교차로내,승용차,중형,원동기장치자전거,원동기장치자전거,946008,1939223,126.889567,37.45062095
2016,2016-10-05,50,주간,수,1,2,1,0,0,충북,진천군,차대차,정면충돌,정면충돌,운전자법규위반,중앙선 침범,교차로,교차로부근,원동기장치자전거,원동기장치자전거,화물차,경형,999439,1877990,127.4937032,36.90023314
2016,2016-10-06,14,주간,목,1,1,0,0,0,강원,속초시,차대차,측면직각충돌,측면직각충돌,운전자법규위반,안전운전 의무 불이행,교차로,교차로내,자전거,자전거,승용차,중형,1095094,2023657,128.5861706,38.20818936
2016,2016-10-06,45,야간,목,1,4,0,3,0,전남,장흥군,차대차,추돌,진행중 추돌,운전자법규위반,안전운전 의무 불이행,단일로,기타단일로,화물차,소형,화물차,소형,948714,1620215,126.9408522,34.57476711
2016,2016-10-02,50,야간,일,1,3,2,0,0,경기,김포시,차대차,측면직각충돌,측면직각충돌,운전자법규위반,신호위반,교차로,교차로내,이륜차,소형,승용차,소형,931317,1955432,126.7221388,37.59549445
2016,2016-10-02,35,야간,일,1,1,0,0,0,경남,창녕군,차량단독,기타,기타,운전자법규위반,안전운전 의무 불이행,단일로,기타단일로,이륜차,소형,,,1092037,1715006,128.5138786,35.42656313
2016,2016-10-04,0,야간,화,1,1,0,0,0,전남,완도군,차량단독,전도전복,전도전복,운전자법규위반,안전운전 의무 불이행,단일로,기타단일로,농기계,농기계,,,944415,1576910,126.8967912,34.18402507
2016,2016-10-04,0,야간,화,1,1,0,0,0,경기,부천시,차대차,정면충돌,정면충돌,운전자법규위반,신호위반,교차로,교차로내,승용차,중형,이륜차,대형,937402,1945250,126.7917615,37.50439979
2016,2016-10-05,20,주간,수,1,2,1,0,0,제주,제주시,차대차,측면직각충돌,측면직각충돌,운전자법규위반,직진 및 우회전차의 통행방해,교차로,교차로내,승용차,소형,화물차,소형,906340,1499552,126.4917865,33.48373669
2016,2016-10-05,5,주간,수,1,4,2,1,0,충남,당진시,차대차,추돌,진행중 추돌,운전자법규위반,안전운전 의무 불이행,단일로,기타단일로,승용차,경형,화물차,대형,936131,1885025,126.7825447,36.96148304
2016,2016-10-06,30,주간,목,1,1,0,0,0,전북,전주시,차대차,측면직각충돌,측면직각충돌,운전자법규위반,안전운전 의무 불이행,단일로,횡단보도상,승합차,중형,자전거,자전거,966977,1760043,127.1343521,35.8363392
2016,2016-10-06,16,야간,목,1,1,0,0,0,경남,고성군,차대사람,횡단중,횡단중,운전자법규위반,과속,단일로,기타단일로,승용차,중형,보행자,보행자,1074296,1664452,128.3139037,34.97223954
2016,2016-10-07,58,주간,금,1,1,0,0,0,제주,제주시,차대사람,횡단중,횡단중,운전자법규위반,안전운전 의무 불이행,단일로,기타단일로,승합차,경형,보행자,보행자,908662,1502577,126.5164391,33.51122038
2016,2016-09-20,30,주간,화,1,1,0,0,0,경북,안동시,차량단독,전도전복,전도전복,운전자법규위반,안전운전 의무 불이행,단일로,기타단일로,이륜차,사발이,,,1111500,1849662,128.7472349,36.63833331
2016,2016-09-17,35,주간,토,1,1,0,0,0,경기,수원시,차대차,기타,기타,운전자법규위반,신호위반,단일로,기타단일로,승합차,중형,자전거,자전거,957144,1919845,127.0165876,37.27653956
2016,2016-09-18,43,주간,일,1,2,0,1,0,강원,원주시,차대차,추돌,진행중 추돌,운전자법규위반,안전운전 의무 불이행,단일로,기타단일로,화물차,소형,이륜차,소형,1039625,1931812,127.9476212,37.3847618
2016,2016-09-18,1,야간,일,1,1,0,0,0,인천,서구,차대사람,기타,기타,운전자법규위반,안전운전 의무 불이행,단일로,기타단일로,승용차,소형,보행자,보행자,924756,1946638,126.6492896,37.5227023
2016,2016-09-16,2,야간,금,1,1,0,0,0,경남,고성군,차대사람,횡단중,횡단중,운전자법규위반,안전운전 의무 불이행,단일로,횡단보도부근,승용차,대형,보행자,보행자,1078681,1673129,128.3627574,35.05014341
2016,2016-09-23,30,주간,금,1,1,0,0,0,경남,김해시,차대차,추돌,진행중 추돌,운전자법규위반,안전운전 의무 불이행,단일로,기타단일로,건설기계,건설기계,이륜차,소형,1111606,1701944,128.7276258,35.30680947
2016,2016-09-22,50,야간,목,1,1,0,0,0,경기,부천시,차대사람,횡단중,횡단중,운전자법규위반,안전운전 의무 불이행,교차로,교차로부근,승용차,대형,보행자,보행자,936782,1944047,126.7848507,37.49351493
2016,2016-09-24,51,주간,토,1,1,0,0,0,전북,부안군,차량단독,전도전복,전도전복,운전자법규위반,안전운전 의무 불이행,단일로,기타단일로,자전거,자전거,,,908202,1738390,126.4861048,35.63739746
2016,2016-09-27,43,주간,화,1,1,0,0,0,전남,나주시,차대차,측면직각충돌,측면직각충돌,운전자법규위반,안전운전 의무 불이행,교차로,교차로부근,원동기장치자전거,원동기장치자전거,승합차,대형,928192,1667666,126.7130724,35.00139853
2016,2016-09-23,5,야간,금,1,3,0,2,0,광주,동구,차대사람,횡단중,횡단중,운전자법규위반,안전운전 의무 불이행,단일로,기타단일로,승용차,중형,보행자,보행자,946824,1683984,126.9161982,35.14968754
2016,2016-09-23,50,야간,금,1,1,0,0,0,부산,영도구,차대사람,횡단중,횡단중,운전자법규위반,안전운전 의무 불이행,단일로,기타단일로,승용차,중형,보행자,보행자,1140758,1678634,129.0442111,35.09301694
2016,2016-09-05,0,주간,월,1,1,0,0,0,서울,중구,차대사람,횡단중,횡단중,운전자법규위반,안전운전 의무 불이행,단일로,기타단일로,건설기계,건설기계,보행자,보행자,953770,1951742,126.9765331,37.56387887
2016,2016-09-02,45,주간,금,1,1,0,0,0,경북,포항시,차량단독,전도전복,전도전복,운전자법규위반,안전운전 의무 불이행,단일로,기타단일로,화물차,소형,,,1164963,1780706,129.330443,36.00922392
2016,2016-09-03,35,야간,토,2,2,0,0,0,경남,함양군,차량단독,전도전복,전도전복,운전자법규위반,안전운전 의무 불이행,단일로,기타단일로,이륜차,소형,,,1021187,1723904,127.7336432,35.51082427
2016,2016-09-05,55,주간,월,1,1,0,0,0,경북,고령군,차대차,측면직각충돌,측면직각충돌,운전자법규위반,안전운전 의무 불이행,단일로,기타단일로,승용차,대형,자전거,자전거,1084069,1746153,128.4293511,35.70807108
2016,2016-10-10,40,주간,월,1,1,0,0,0,경기,수원시,차대사람,횡단중,횡단중,운전자법규위반,보행자 보호의무 위반,교차로,교차로내,화물차,소형,보행자,보행자,957296,1920581,127.0182598,37.28318062
2016,2016-10-10,20,주간,월,1,1,0,0,0,충남,부여군,차대차,측면직각충돌,측면직각충돌,운전자법규위반,과속,단일로,기타단일로,승용차,중형,자전거,자전거,946127,1808927,126.900164,36.27612233
2016,2016-10-10,20,주간,월,1,3,2,0,0,광주,동구,차대차,기타,기타,운전자법규위반,과속,교차로,교차로부근,화물차,중형,승용차,중형,948908,1678726,126.9394017,35.10238517
2016,2016-10-09,58,주간,일,1,1,0,0,0,전남,광양시,차대차,측면직각충돌,측면직각충돌,운전자법규위반,신호위반,교차로,교차로내,원동기장치자전거,원동기장치자전거,화물차,경형,1020082,1669294,127.7201219,35.01842999
2016,2016-10-13,0,야간,목,1,1,0,0,0,부산,중구,차대사람,기타,기타,운전자법규위반,안전운전 의무 불이행,단일로,횡단보도상,승용차,경형,보행자,보행자,1139604,1679595,129.031717,35.10184002
2016,2016-11-25,23,야간,금,1,1,0,0,0,부산,동구,차대사람,횡단중,횡단중,운전자법규위반,신호위반,교차로,교차로부근,건설기계,건설기계,보행자,보행자,1140548,1681846,129.0424807,35.12204308
2016,2016-10-21,5,주간,금,2,2,0,0,0,전남,여수시,차대차,측면직각충돌,측면직각충돌,운전자법규위반,신호위반,교차로,교차로내,이륜차,중형,화물차,중형,1013587,1642779,127.6484985,34.77943759
2016,2016-10-19,15,주간,수,2,2,0,0,0,충남,논산시,차대차,측면직각충돌,측면직각충돌,운전자법규위반,교차로 통행방법 위반,교차로,교차로내,화물차,경형,이륜차,소형,963862,1792733,127.0983712,36.13095411
2016,2016-10-18,0,주간,화,1,1,0,0,0,서울,광진구,차대사람,횡단중,횡단중,운전자법규위반,안전운전 의무 불이행,단일로,기타단일로,화물차,소형,보행자,보행자,963430,1948728,127.0860616,37.53714693
2016,2016-10-14,40,야간,금,1,1,0,0,0,충북,충주시,차대사람,횡단중,횡단중,운전자법규위반,안전운전 의무 불이행,단일로,기타단일로,승용차,경형,보행자,보행자,1039731,1886129,127.9463754,36.97276344
2016,2016-10-27,10,야간,목,1,1,0,0,0,전남,해남군,차대사람,횡단중,횡단중,운전자법규위반,안전운전 의무 불이행,단일로,기타단일로,승용차,대형,보행자,보행자,909937,1596938,126.5205823,34.36221205
2016,2016-10-28,15,주간,금,1,2,1,0,0,경북,고령군,차량단독,기타,기타,운전자법규위반,안전운전 의무 불이행,단일로,기타단일로,화물차,소형,,,1067526,1744020,128.2463108,35.69011388
2016,2016-09-30,45,주간,금,1,1,0,0,0,서울,금천구,차대차,측면직각충돌,측면직각충돌,운전자법규위반,안전거리 미확보,단일로,기타단일로,이륜차,소형,승합차,대형,946756,1941211,126.8979596,37.46878224
2016,2016-09-30,10,야간,금,1,1,0,0,0,전북,전주시,차대차,기타,기타,운전자법규위반,안전운전 의무 불이행,교차로,교차로내,승용차,중형,승용차,중형,970298,1759101,127.1711585,35.82795234
2016,2016-10-05,12,주간,수,1,1,0,0,0,서울,광진구,차대사람,횡단중,횡단중,운전자법규위반,보행자 보호의무 위반,교차로,교차로내,화물차,중형,보행자,보행자,962319,1948626,127.0734916,37.53618281
2016,2016-09-30,0,야간,금,1,1,0,0,0,경기,광주시,차량단독,전도전복,전도전복,운전자법규위반,안전운전 의무 불이행,교차로,교차로내,원동기장치자전거,원동기장치자전거,,,981224,1932301,127.2878899,37.38961376
2016,2016-09-19,45,주간,월,1,1,0,0,0,경기,고양시,차대차,기타,기타,운전자법규위반,안전운전 의무 불이행,교차로,교차로내,건설기계,건설기계,자전거,자전거,933253,1963964,126.7431169,37.67277353
2016,2016-09-20,20,야간,화,1,1,0,0,0,울산,중구,차대차,측면직각충돌,측면직각충돌,운전자법규위반,신호위반,교차로,교차로내,승용차,중형,자전거,자전거,1165121,1730048,129.3217468,35.55268362
2016,2016-09-29,30,주간,목,1,1,0,0,0,경기,수원시,차대사람,횡단중,횡단중,운전자법규위반,보행자 보호의무 위반,교차로,교차로내,승합차,대형,보행자,보행자,959636,1918475,127.0447707,37.2643022
2016,2016-09-22,5,야간,목,1,1,0,0,0,인천,서구,차대차,정면충돌,정면충돌,운전자법규위반,중앙선 침범,단일로,기타단일로,화물차,소형,승용차,소형,927536,1946973,126.6799767,37.51920675
2016,2016-09-22,10,야간,목,1,1,0,0,0,전북,군산시,차대차,측면직각충돌,측면직각충돌,운전자법규위반,안전운전 의무 불이행,단일로,기타단일로,승용차,경형,자전거,자전거,939051,1779035,126.8236996,36.00622187
2016,2016-09-28,5,주간,수,1,1,0,0,0,충남,논산시,차량단독,공작물충돌,공작물충돌,운전자법규위반,안전운전 의무 불이행,단일로,기타단일로,화물차,소형,,,964085,1787053,127.1011085,36.07975397
2016,2016-09-01,30,주간,목,1,1,0,0,0,전남,담양군,차량단독,전도전복,전도전복,운전자법규위반,안전운전 의무 불이행,기타/불명,기타/불명,승용차,중형,,,943610,1699502,126.8798511,35.28943177
2016,2016-09-01,50,주간,목,1,4,0,3,0,광주,광산구,차대차,측면직각충돌,측면직각충돌,운전자법규위반,안전운전 의무 불이행,단일로,교량위,화물차,소형,화물차,소형,933854,1678320,126.7760995,35.07113797
2016,2016-09-05,45,주간,월,1,1,0,0,0,전북,전주시,차대차,측면직각충돌,측면직각충돌,운전자법규위반,안전거리 미확보,단일로,기타단일로,이륜차,소형,승용차,경형,960104,1758859,127.0624794,35.82509848
2016,2016-09-06,37,주간,화,1,1,0,0,0,충북,청주시,차대사람,기타,기타,운전자법규위반,부당한 회전,단일로,기타단일로,화물차,소형,보행자,보행자,994142,1847743,127.4344803,36.62754498
2016,2016-08-31,15,주간,수,1,2,0,0,1,경기,가평군,차대차,추돌,진행중 추돌,운전자법규위반,안전운전 의무 불이행,교차로,교차로부근,화물차,소형,화물차,중형,993067,1971149,127.4213111,37.73993679
2016,2016-09-04,40,주간,일,3,6,1,2,0,충남,아산시,차대차,정면충돌,정면충돌,운전자법규위반,중앙선 침범,단일로,기타단일로,승용차,중형,승합차,대형,949466,1869598,126.9333612,36.82323232
2016,2016-09-05,22,야간,월,1,1,0,0,0,광주,광산구,차대사람,횡단중,횡단중,운전자법규위반,안전운전 의무 불이행,단일로,기타단일로,승용차,경형,보행자,보행자,937167,1685346,126.8100798,35.1614109
2016,2016-09-05,50,주간,월,1,1,0,0,0,대구,남구,차대사람,횡단중,횡단중,운전자법규위반,안전운전 의무 불이행,단일로,기타단일로,화물차,중형,보행자,보행자,1098482,1761654,128.5906493,35.84888869
2016,2016-09-02,20,주간,금,1,1,0,0,0,대구,북구,차대사람,횡단중,횡단중,운전자법규위반,안전운전 의무 불이행,교차로,교차로내,승용차,중형,보행자,보행자,1098889,1765324,128.5955257,35.87951369
2016,2016-10-10,20,야간,월,1,1,0,0,0,경북,구미시,차대사람,횡단중,횡단중,운전자법규위반,안전운전 의무 불이행,교차로,교차로부근,승용차,중형,보행자,보행자,1076361,1794850,128.3488303,36.14770548
2016,2016-10-11,45,야간,화,1,1,0,0,0,충북,충주시,차대사람,차도통행중,차도통행중,운전자법규위반,안전운전 의무 불이행,단일로,기타단일로,승용차,중형,보행자,보행자,1025000,1886938,127.7756826,36.97254239
2016,2016-10-10,8,주간,월,1,1,0,0,0,충북,제천시,차대사람,횡단중,횡단중,운전자법규위반,안전운전 의무 불이행,기타/불명,기타/불명,화물차,소형,보행자,보행자,1064074,1906147,128.2215585,37.15185496
2016,2016-10-21,47,야간,금,1,1,0,0,0,대전,서구,차대차,측면직각충돌,측면직각충돌,운전자법규위반,신호위반,교차로,교차로내,승용차,중형,이륜차,소형,990589,1816842,127.3951174,36.34893806
2016,2016-10-14,5,주간,금,1,1,0,0,0,경남,진주시,차대사람,횡단중,횡단중,운전자법규위반,보행자 보호의무 위반,교차로,교차로내,승용차,대형,보행자,보행자,1053036,1688819,128.0825758,35.19329077
2016,2016-10-20,34,야간,목,1,1,0,0,0,서울,중구,차대사람,횡단중,횡단중,운전자법규위반,안전운전 의무 불이행,교차로,교차로부근,승용차,중형,보행자,보행자,956561,1951079,127.0081741,37.55803898
2016,2016-10-20,0,야간,목,1,1,0,0,0,충북,충주시,차대차,측면직각충돌,측면직각충돌,운전자법규위반,안전운전 의무 불이행,교차로,교차로부근,화물차,소형,자전거,자전거,1039660,1887749,127.9456629,36.98736941
2016,2016-10-20,35,주간,목,1,2,0,1,0,전남,신안군,차대차,측면직각충돌,측면직각충돌,운전자법규위반,안전운전 의무 불이행,교차로,교차로내,농기계,농기계,화물차,대형,876511,1644893,126.1501859,34.79110627
2016,2016-10-19,50,야간,수,1,1,0,0,0,경남,남해군,차대사람,횡단중,횡단중,운전자법규위반,안전운전 의무 불이행,단일로,기타단일로,승용차,경형,보행자,보행자,1046813,1652203,128.012158,34.86343251
2016,2016-10-16,30,야간,일,1,2,1,0,0,경북,성주군,차량단독,공작물충돌,공작물충돌,운전자법규위반,안전운전 의무 불이행,단일로,기타단일로,승용차,소형,,,1072831,1771751,128.3074652,35.93974019
2016,2016-10-28,59,야간,금,1,2,1,0,0,경기,안성시,차대차,기타,기타,운전자법규위반,중앙선 침범,단일로,기타단일로,승용차,소형,승용차,중형,976671,1889280,127.2378003,37.00171746
2016,2016-10-28,35,야간,금,1,1,0,0,0,서울,중랑구,차대사람,횡단중,횡단중,운전자법규위반,보행자 보호의무 위반,교차로,교차로부근,승용차,중형,보행자,보행자,962884,1955045,127.0795616,37.59406226
2016,2016-10-24,25,주간,월,1,2,0,1,0,경기,파주시,차대차,정면충돌,정면충돌,운전자법규위반,중앙선 침범,단일로,기타단일로,원동기장치자전거,원동기장치자전거,화물차,중형,940188,1985492,126.819977,37.86727559
2016,2016-10-07,15,야간,금,1,1,0,0,0,경기,하남시,차대사람,횡단중,횡단중,운전자법규위반,안전운전 의무 불이행,단일로,기타단일로,승용차,중형,보행자,보행자,972365,1951989,127.187073,37.56685099
2016,2016-10-02,59,야간,일,1,1,0,0,0,전북,전주시,차대사람,기타,기타,운전자법규위반,안전운전 의무 불이행,단일로,기타단일로,승용차,대형,보행자,보행자,965653,1757371,127.1196713,35.81241348
2016,2016-10-02,47,주간,일,1,1,0,0,0,충북,괴산군,차량단독,전도전복,전도전복,운전자법규위반,안전운전 의무 불이행,교차로,교차로부근,이륜차,대형,,,1044628,1862314,127.9999903,36.75786854
2016,2016-10-05,35,주간,수,1,1,0,0,0,서울,노원구,차대사람,횡단중,횡단중,운전자법규위반,안전운전 의무 불이행,교차로,교차로부근,화물차,중형,보행자,보행자,960635,1964394,127.0535825,37.67823303
2016,2016-11-14,53,야간,월,1,1,0,0,0,서울,동대문구,차대사람,횡단중,횡단중,운전자법규위반,안전운전 의무 불이행,단일로,기타단일로,승용차,경형,보행자,보행자,960648,1953780,127.0543016,37.58256755
2016,2016-10-07,30,주간,금,1,1,0,0,0,경기,광명시,차대차,측면직각충돌,측면직각충돌,운전자법규위반,중앙선 침범,단일로,기타단일로,화물차,소형,이륜차,소형,944744,1933807,126.8756825,37.40173055
2016,2016-10-26,55,주간,수,1,1,0,0,0,전남,광양시,차량단독,전도전복,전도전복,운전자법규위반,안전운전 의무 불이행,교차로,교차로부근,원동기장치자전거,원동기장치자전거,,,1023417,1660913,127.7564413,34.94278352
2016,2016-10-27,10,주간,목,1,1,0,0,0,경기,평택시,차대사람,기타,기타,운전자법규위반,안전운전 의무 불이행,단일로,기타단일로,건설기계,건설기계,보행자,보행자,942647,1884775,126.855755,36.95964924
2016,2016-09-22,30,주간,목,1,1,0,0,0,전남,영광군,차대차,측면직각충돌,측면직각충돌,운전자법규위반,안전운전 의무 불이행,교차로,교차로내,자전거,자전거,화물차,소형,904581,1694538,126.4512576,35.24171688
2016,2016-09-19,35,야간,월,1,1,0,0,0,대전,대덕구,차대사람,횡단중,횡단중,운전자법규위반,안전운전 의무 불이행,단일로,기타단일로,승용차,경형,보행자,보행자,994737,1816843,127.4413455,36.34897871
2016,2016-09-13,40,주간,화,1,3,0,2,0,경북,경산시,차대차,기타,기타,운전자법규위반,교차로 통행방법 위반,교차로,교차로내,승용차,경형,승용차,경형,1120395,1765421,128.8337383,35.87797915
2016,2016-09-14,46,야간,수,1,1,0,0,0,충북,청주시,차대사람,기타,기타,운전자법규위반,과속,단일로,기타단일로,승용차,중형,보행자,보행자,995430,1849547,127.4488754,36.64381505
2016,2016-09-19,0,주간,월,1,1,0,0,0,경기,광주시,차대차,측면직각충돌,측면직각충돌,운전자법규위반,교차로 통행방법 위반,교차로,교차로내,승합차,중형,이륜차,소형,978409,1933910,127.2560425,37.40405556
2016,2016-09-19,0,주간,월,1,1,0,0,0,경기,부천시,차대차,기타,기타,운전자법규위반,안전운전 의무 불이행,단일로,기타단일로,자전거,자전거,승용차,중형,938316,1947154,126.801942,37.52162204
2016,2016-09-23,37,야간,금,1,3,2,0,0,경북,안동시,차대차,기타,기타,운전자법규위반,직진 및 우회전차의 통행방해,교차로,교차로내,승용차,대형,농기계,농기계,1127288,1825026,128.9197288,36.41432506
2016,2016-09-26,8,주간,월,1,2,1,0,0,전북,군산시,차대사람,횡단중,횡단중,운전자법규위반,안전운전 의무 불이행,교차로,교차로내,승용차,경형,보행자,보행자,929650,1776169,126.7195585,35.97997498
2016,2016-09-25,50,주간,일,1,1,0,0,0,울산,남구,차량단독,전도전복,전도전복,운전자법규위반,안전운전 의무 불이행,단일로,기타단일로,자전거,자전거,,,1162666,1729140,129.2944908,35.54490669
2016,2016-09-22,50,주간,목,1,1,0,0,0,서울,서초구,차대사람,기타,기타,운전자법규위반,안전운전 의무 불이행,단일로,기타단일로,승합차,대형,보행자,보행자,957592,1943543,127.020282,37.4901627
2016,2016-08-29,30,주간,월,1,1,0,0,0,경기,남양주시,차량단독,전도전복,전도전복,운전자법규위반,안전운전 의무 불이행,단일로,기타단일로,자전거,자전거,,,971870,1972300,127.1806848,37.74990482
2016,2016-08-30,0,야간,화,1,1,0,0,0,전남,여수시,차대차,추돌,진행중 추돌,운전자법규위반,안전운전 의무 불이행,단일로,기타단일로,승합차,대형,자전거,자전거,1011130,1636927,127.6215675,34.72669529
2016,2016-08-31,15,주간,수,1,1,0,0,0,경북,문경시,차량단독,전도전복,전도전복,운전자법규위반,안전운전 의무 불이행,단일로,기타단일로,승용차,경형,,,1044451,1842600,127.9968636,36.58016319