발생년,발생년월일시분,발생분,주야,요일,사망자수,사상자수,중상자수,경상자수,부상신고자수,발생지시도,발생지시군구,사고유형_대분류,사고유형_중분류,사고유형,법규위반_대분류,법규위반,도로형태_대분류,도로형태,당사자종별_1당_대분류,당사자종별_1당,당사자종별_2당_대분류,당사자종별_2당,발생위치X_UTMK,발생위치Y_UTMK,경도,위도
2016,2016-12-04,20,야간,일,1,2,1,0,0,경북,경주시,차대차,추돌,진행중 추돌,운전자법규위반,안전운전 의무 불이행,단일로,기타단일로,화물차,소형,자전거,자전거,1139288,1766743,129.043203,35.88738831
2016,2016-12-04,42,야간,일,1,3,2,0,0,서울,서대문구,차대차,기타,기타,운전자법규위반,신호위반,교차로,교차로내,원동기장치자전거,원동기장치자전거,승용차,경형,950213,1953749,126.9359558,37.58192527
2016,2016-12-18,10,야간,일,1,1,0,0,0,경남,거창군,차대차,추돌,진행중 추돌,운전자법규위반,안전운전 의무 불이행,단일로,기타단일로,승용차,경형,자전거,자전거,1037904,1747184,127.9190828,35.72022542
2016,2016-03-28,25,주간,월,1,1,0,0,0,충남,청양군,차대차,측면직각충돌,측면직각충돌,운전자법규위반,직진 및 우회전차의 통행방해,교차로,교차로내,이륜차,소형,건설기계,건설기계,949422,1814882,126.9364637,36.32998533
2016,2016-04-02,41,야간,토,1,1,0,0,0,경남,밀양시,차대사람,횡단중,횡단중,운전자법규위반,안전운전 의무 불이행,단일로,기타단일로,승용차,중형,보행자,보행자,1115249,1720512,128.7703112,35.47377996
2016,2016-04-29,0,야간,금,1,1,0,0,0,서울,양천구,차대사람,횡단중,횡단중,운전자법규위반,과속,단일로,기타단일로,승용차,대형,보행자,보행자,943777,1948440,126.8636403,37.53356193
2016,2016-04-15,35,주간,금,1,1,0,0,0,전남,무안군,차대차,기타,기타,운전자법규위반,안전운전 의무 불이행,단일로,기타단일로,화물차,소형,이륜차,소형,909709,1651596,126.5122836,34.85502624
2016,2016-06-14,24,야간,화,1,1,0,0,0,강원,춘천시,차대차,추돌,진행중 추돌,운전자법규위반,안전운전 의무 불이행,단일로,기타단일로,승용차,경형,화물차,소형,1021303,1989727,127.742333,37.90716028
2016,2016-12-05,44,주간,월,1,1,0,0,0,충북,음성군,차대차,측면직각충돌,측면직각충돌,운전자법규위반,교차로 통행방법 위반,교차로,교차로내,승용차,대형,자전거,자전거,1003981,1879726,127.5446932,36.91587419
2016,2016-09-27,30,주간,화,1,1,0,0,0,경북,청송군,차량단독,공작물충돌,공작물충돌,운전자법규위반,안전운전 의무 불이행,단일로,기타단일로,이륜차,소형,,,1139124,1811986,129.0493707,36.29516499
2016,2016-01-03,10,야간,일,1,3,2,0,0,경남,진주시,차대차,추돌,진행중 추돌,운전자법규위반,안전운전 의무 불이행,교차로,교차로부근,승용차,중형,승합차,대형,1053959,1688598,128.0926996,35.19124889
2016,2016-11-01,15,주간,화,1,1,0,0,0,경기,안산시,차대사람,횡단중,횡단중,운전자법규위반,신호위반,교차로,교차로부근,승합차,중형,보행자,보행자,940274,1924513,126.8259303,37.31768391
2016,2016-03-10,50,주간,목,1,1,0,0,0,전북,김제시,차량단독,전도전복,전도전복,운전자법규위반,안전운전 의무 불이행,교차로,교차로부근,승용차,대형,,,945551,1758976,126.8971945,35.82576354
2016,2016-06-25,58,야간,토,1,1,0,0,0,대구,달성군,차대사람,횡단중,횡단중,운전자법규위반,과속,단일로,횡단보도부근,승용차,중형,보행자,보행자,1086102,1738618,128.4238074,35.7756586
2016,2016-06-30,25,야간,목,1,1,0,0,0,경남,고성군,차량단독,공작물충돌,공작물충돌,운전자법규위반,안전운전 의무 불이행,단일로,기타단일로,승용차,중형,,,1078761,1673226,128.3636437,35.05101175
2016,2016-11-04,41,야간,금,1,1,0,0,0,인천,강화군,차대차,측면직각충돌,측면직각충돌,운전자법규위반,안전운전 의무 불이행,단일로,기타단일로,승용차,경형,원동기장치자전거,원동기장치자전거,892506,1976952,126.2792207,37.78594225
2016,2016-10-17,45,야간,월,1,1,0,0,0,제주,제주시,차대사람,횡단중,횡단중,운전자법규위반,안전운전 의무 불이행,단일로,횡단보도상,승용차,중형,보행자,보행자,905833,1500262,126.4861834,33.48999894
2016,2016-10-15,25,주간,토,1,2,1,0,0,전북,익산시,차대차,기타,기타,운전자법규위반,안전운전 의무 불이행,단일로,기타단일로,화물차,대형,특수차,중형,954055,1772819,126.9905399,35.95100393
2016,2016-01-03,15,주간,일,1,4,1,2,0,충남,보령시,차대사람,기타,기타,운전자법규위반,안전운전 의무 불이행,단일로,기타단일로,승용차,대형,보행자,보행자,918021,1833558,126.5846553,36.49617251
2016,2016-04-02,21,야간,토,1,3,2,0,0,전북,정읍시,차량단독,전도전복,전도전복,운전자법규위반,안전운전 의무 불이행,단일로,교량위,승용차,경형,,,948581,1740939,126.9318948,35.66330761
2016,2016-03-20,0,야간,일,1,1,0,0,0,경기,남양주시,차대차,기타,기타,운전자법규위반,안전운전 의무 불이행,단일로,기타단일로,화물차,소형,승용차,중형,978333,1956140,127.2545286,37.60442561
2016,2016-04-11,20,주간,월,1,1,0,0,0,경북,영천시,차량단독,공작물충돌,공작물충돌,운전자법규위반,안전운전 의무 불이행,단일로,기타단일로,승용차,대형,,,1125094,1781154,128.8882594,36.01919734
2016,2016-05-11,0,야간,수,1,2,0,1,0,충남,당진시,차대차,추돌,진행중 추돌,운전자법규위반,안전운전 의무 불이행,단일로,기타단일로,화물차,소형,화물차,대형,927359,1875370,126.6849421,36.87382011
2016,2016-12-29,0,야간,목,1,1,0,0,0,전북,군산시,차대사람,횡단중,횡단중,운전자법규위반,안전운전 의무 불이행,단일로,기타단일로,승용차,경형,보행자,보행자,928988,1775048,126.7124014,35.96973955
2016,2016-12-29,40,주간,목,1,2,1,0,0,대구,북구,차대차,측면직각충돌,측면직각충돌,운전자법규위반,안전운전 의무 불이행,교차로,교차로내,이륜차,소형,자전거,자전거,1097705,1765321,128.5824376,35.87979644
2016,2016-12-21,0,야간,수,1,2,1,0,0,전남,해남군,차대차,정면충돌,정면충돌,운전자법규위반,과속,교차로,교차로부근,승용차,경형,승용차,경형,921411,1611423,126.6440162,34.49376213
2016,2016-12-21,40,야간,수,1,12,0,8,3,경기,군포시,차대사람,기타,기타,운전자법규위반,신호위반,교차로,교차로내,승합차,대형,보행자,보행자,949447,1929187,126.9291332,37.36035728
2016,2016-12-22,14,야간,목,1,1,0,0,0,충북,제천시,차대사람,횡단중,횡단중,운전자법규위반,안전운전 의무 불이행,단일로,기타단일로,승용차,소형,보행자,보행자,1062649,1904569,128.2053801,37.13772823
2016,2016-12-02,42,주간,금,1,1,0,0,0,충남,보령시,차대차,추돌,진행중 추돌,운전자법규위반,안전운전 의무 불이행,단일로,기타단일로,승용차,대형,건설기계,건설기계,915129,1817832,126.5540895,36.35416518
2016,2016-12-02,40,주간,금,1,1,0,0,0,전북,부안군,차대차,정면충돌,정면충돌,운전자법규위반,중앙선 침범,단일로,기타단일로,자전거,자전거,승용차,중형,926658,1744564,126.6893655,35.69460267
2016,2016-11-30,40,주간,수,1,1,0,0,0,울산,북구,차대사람,차도통행중,차도통행중,운전자법규위반,기타(운전자법규위반),단일로,기타단일로,화물차,대형,보행자,보행자,1169263,1731398,129.3677055,35.56415058
2016,2016-11-30,0,주간,수,1,1,0,0,0,경기,군포시,차대사람,횡단중,횡단중,운전자법규위반,안전운전 의무 불이행,단일로,기타단일로,승용차,중형,보행자,보행자,951029,1927560,126.9471046,37.34577723
2016,2016-11-30,0,주간,수,1,1,0,0,0,대전,중구,차대사람,횡단중,횡단중,운전자법규위반,신호위반,교차로,교차로부근,승용차,중형,보행자,보행자,994864,1812418,127.4427901,36.30908606
2016,2016-11-29,9,야간,화,1,1,0,0,0,경북,포항시,차대사람,횡단중,횡단중,운전자법규위반,안전운전 의무 불이행,단일로,기타단일로,승용차,소형,보행자,보행자,1167502,1782340,129.3589486,36.02351498
2016,2016-11-30,38,주간,수,1,1,0,0,0,전남,목포시,차대사람,횡단중,횡단중,운전자법규위반,안전운전 의무 불이행,교차로,교차로내,승용차,중형,보행자,보행자,899432,1645790,126.4005743,34.80171423
2016,2016-12-03,50,주간,토,1,2,0,1,0,경남,김해시,차대차,측면직각충돌,측면직각충돌,운전자법규위반,중앙선 침범,교차로,교차로부근,승용차,중형,화물차,대형,1114445,1698004,128.7582974,35.27097004
2016,2016-11-27,43,주간,일,1,1,0,0,0,울산,울주군,차량단독,전도전복,전도전복,운전자법규위반,안전운전 의무 불이행,단일로,기타단일로,이륜차,소형,,,1138615,1737113,129.0306253,35.6204264
2016,2016-11-28,10,야간,월,1,1,0,0,0,경북,경주시,차대차,기타,기타,운전자법규위반,안전운전 의무 불이행,단일로,기타단일로,승용차,소형,자전거,자전거,1160601,1756002,129.2770785,35.78732679
2016,2016-11-28,53,주간,월,1,1,0,0,0,경기,파주시,차대사람,차도통행중,차도통행중,운전자법규위반,안전운전 의무 불이행,교차로,교차로내,화물차,소형,보행자,보행자,940551,1985202,126.8241276,37.86468574
2016,2016-12-29,30,주간,목,1,1,0,0,0,경북,청송군,차대차,기타,기타,운전자법규위반,기타(운전자법규위반),단일로,기타단일로,화물차,소형,원동기장치자전거,원동기장치자전거,1125638,1808889,128.8987266,36.26910401
2016,2016-12-29,15,야간,목,1,1,0,0,0,세종,세종,차량단독,전도전복,전도전복,운전자법규위반,안전운전 의무 불이행,단일로,기타단일로,승용차,경형,,,980073,1829363,127.2775991,36.46165786
2016,2016-11-30,46,야간,수,1,1,0,0,0,경기,과천시,차대사람,기타,기타,운전자법규위반,안전운전 의무 불이행,단일로,기타단일로,승합차,중형,보행자,보행자,955549,1938895,126.997453,37.44817248
2016,2016-11-30,37,야간,수,1,5,4,0,0,충북,충주시,차대차,정면충돌,정면충돌,운전자법규위반,안전운전 의무 불이행,단일로,기타단일로,승합차,대형,건설기계,건설기계,1041840,1899973,127.970839,37.0974628
2016,2016-11-27,0,야간,일,1,1,0,0,0,광주,서구,차대차,기타,기타,운전자법규위반,신호위반,교차로,교차로내,화물차,중형,이륜차,중형,940638,1684239,126.8482695,35.15164054
2016,2016-12-01,20,주간,목,1,1,0,0,0,충북,영동군,차량단독,전도전복,전도전복,운전자법규위반,안전운전 의무 불이행,단일로,기타단일로,화물차,소형,,,1036110,1792649,127.9013138,36.13019785
2016,2016-11-28,44,주간,월,1,1,0,0,0,서울,양천구,차대차,추돌,진행중 추돌,운전자법규위반,중앙선 침범,교차로,교차로내,자전거,자전거,승용차,중형,944543,1946924,126.8724242,37.51994449
2016,2016-12-29,30,주간,목,1,1,0,0,0,전남,장성군,차대차,측면직각충돌,측면직각충돌,운전자법규위반,안전운전 의무 불이행,교차로,교차로내,승용차,소형,이륜차,소형,933653,1699682,126.7703417,35.29044376
2016,2016-12-22,40,야간,목,1,2,1,0,0,대구,서구,차대사람,횡단중,횡단중,운전자법규위반,과속,단일로,기타단일로,승합차,대형,보행자,보행자,1094309,1763157,128.5448283,35.86059615
2016,2016-12-24,0,야간,토,1,1,0,0,0,경기,광명시,차대사람,기타,기타,운전자법규위반,안전운전 의무 불이행,교차로,교차로부근,화물차,소형,보행자,보행자,945045,1940433,126.8785897,37.46147019
2016,2016-12-27,3,주간,화,1,1,0,0,0,경기,의정부시,차대사람,횡단중,횡단중,운전자법규위반,안전운전 의무 불이행,단일로,기타단일로,승용차,중형,보행자,보행자,958933,1970859,127.0339168,37.73642776
2016,2016-12-01,33,야간,목,1,1,0,0,0,서울,은평구,차대사람,횡단중,횡단중,운전자법규위반,안전운전 의무 불이행,교차로,교차로부근,이륜차,소형,보행자,보행자,948375,1957804,126.9150202,37.61822937
2016,2016-11-27,10,주간,일,1,1,0,0,0,충북,충주시,차대차,측면직각충돌,측면직각충돌,운전자법규위반,중앙선 침범,단일로,기타단일로,자전거,자전거,승용차,대형,1036860,1886173,127.9141228,36.97327695
2016,2016-12-01,0,야간,목,1,1,0,0,0,대구,달서구,차대차,측면직각충돌,측면직각충돌,운전자법규위반,중앙선 침범,단일로,기타단일로,이륜차,소형,승용차,대형,1090817,1758274,128.5053117,35.81674175
2016,2016-11-29,10,주간,화,1,2,0,1,0,인천,남동구,차대사람,기타,기타,운전자법규위반,기타(운전자법규위반),단일로,횡단보도상,화물차,중형,보행자,보행자,929149,1941164,126.6987877,37.46697675
2016,2016-12-28,4,주간,수,1,1,0,0,0,경북,구미시,차대차,기타,기타,운전자법규위반,신호위반,단일로,기타단일로,승용차,경형,자전거,자전거,1077548,1788266,128.3613751,36.08825816
2016,2016-12-29,55,야간,목,1,1,0,0,0,충남,천안시,차대사람,횡단중,횡단중,운전자법규위반,안전운전 의무 불이행,단일로,기타단일로,승용차,중형,보행자,보행자,969582,1867140,127.1590158,36.80193549
2016,2016-12-31,30,야간,토,1,1,0,0,0,경북,구미시,차대차,추돌,진행중 추돌,운전자법규위반,안전운전 의무 불이행,단일로,기타단일로,원동기장치자전거,원동기장치자전거,화물차,중형,1077695,1790179,128.3631964,36.10549168
2016,2016-12-31,50,야간,토,1,2,0,1,0,대구,달성군,차대사람,기타,기타,운전자법규위반,안전운전 의무 불이행,단일로,기타단일로,승용차,대형,보행자,보행자,1087115,1762986,128.4648515,35.85955571
2016,2016-12-31,20,야간,토,1,1,0,0,0,충남,태안군,차대차,추돌,진행중 추돌,운전자법규위반,안전운전 의무 불이행,단일로,기타단일로,이륜차,소형,승용차,중형,897991,1835883,126.3607373,36.51520342
2016,2016-12-31,15,야간,토,1,2,1,0,0,충북,충주시,차량단독,전도전복,전도전복,운전자법규위반,안전운전 의무 불이행,단일로,기타단일로,승용차,중형,,,1038099,1893361,127.9284061,37.03802142
2016,2016-12-31,55,야간,토,1,1,0,0,0,경남,창원시(통합),차대사람,기타,기타,운전자법규위반,안전운전 의무 불이행,단일로,기타단일로,승용차,중형,보행자,보행자,1104829,1694376,128.6521285,35.23931611
2016,2016-12-31,10,야간,토,1,3,2,0,0,경남,창원시(통합),차량단독,공작물충돌,공작물충돌,운전자법규위반,안전운전 의무 불이행,단일로,횡단보도부근,승용차,중형,,,1098135,1690195,128.5780711,35.2023002
2016,2016-12-27,0,야간,화,1,1,0,0,0,경기,의왕시,차대사람,횡단중,횡단중,운전자법규위반,안전운전 의무 불이행,교차로,교차로내,승용차,소형,보행자,보행자,954085,1932587,126.9812945,37.3912443
2016,2016-12-24,0,주간,토,1,4,2,1,0,경남,사천시,차대차,정면충돌,정면충돌,운전자법규위반,중앙선 침범,단일로,기타단일로,승용차,소형,승용차,중형,1039346,1670249,127.9313188,35.02647473
2016,2016-12-21,40,야간,수,1,1,0,0,0,인천,옹진군,차량단독,전도전복,전도전복,운전자법규위반,안전운전 의무 불이행,단일로,기타단일로,승용차,중형,,,907990,1917827,126.4624447,37.25479004
2016,2016-11-28,15,야간,월,1,1,0,0,0,전북,부안군,차대사람,횡단중,횡단중,운전자법규위반,안전운전 의무 불이행,단일로,기타단일로,승용차,중형,보행자,보행자,925630,1743569,126.6780963,35.68555522
2016,2016-09-02,15,주간,금,1,1,0,0,0,전북,완주군,차대사람,횡단중,횡단중,운전자법규위반,안전운전 의무 불이행,단일로,기타단일로,화물차,소형,보행자,보행자,963001,1771900,127.0897777,35.94309848
2016,2016-01-05,20,주간,화,1,4,0,3,0,경북,안동시,차대차,추돌,진행중 추돌,운전자법규위반,안전운전 의무 불이행,교차로,교차로부근,승용차,소형,화물차,소형,1108505,1839866,128.7123577,36.55038777
2016,2016-02-22,5,야간,월,1,1,0,0,0,대전,대덕구,차대차,추돌,진행중 추돌,운전자법규위반,안전운전 의무 불이행,교차로,교차로부근,이륜차,소형,승용차,경형,993523,1819687,127.4277922,36.37461108
2016,2016-09-29,10,야간,목,1,2,1,0,0,경기,수원시,차량단독,공작물충돌,공작물충돌,운전자법규위반,안전운전 의무 불이행,지하도로내,지하도로내,이륜차,소형,,,952959,1920735,126.9693274,37.28392864
2016,2016-02-15,35,주간,월,1,1,0,0,0,부산,해운대구,차대차,기타,기타,운전자법규위반,신호위반,교차로,교차로부근,건설기계,건설기계,승용차,중형,1148366,1686975,129.1291439,35.1671078
2016,2016-02-17,10,주간,수,1,1,0,0,0,전남,광양시,차대사람,횡단중,횡단중,운전자법규위반,안전운전 의무 불이행,단일로,기타단일로,화물차,소형,보행자,보행자,1013916,1663072,127.6524316,34.96242734
2016,2016-03-08,35,주간,화,1,1,0,0,0,전남,해남군,차대차,정면충돌,정면충돌,운전자법규위반,교차로 통행방법 위반,교차로,교차로내,자전거,자전거,화물차,소형,909546,1599134,126.5160993,34.38197938
2016,2016-03-04,35,야간,금,1,1,0,0,0,서울,서초구,차대사람,횡단중,횡단중,운전자법규위반,안전운전 의무 불이행,단일로,기타단일로,승용차,중형,보행자,보행자,960815,1940012,127.0569274,37.45847867
2016,2016-02-23,20,야간,화,1,1,0,0,0,경북,예천군,차량단독,공작물충돌,공작물충돌,운전자법규위반,안전운전 의무 불이행,교차로,교차로부근,승용차,경형,,,1086795,1849496,128.470908,36.63940967
2016,2016-01-16,45,주간,토,1,1,0,0,0,전북,익산시,차대차,정면충돌,정면충돌,운전자법규위반,중앙선 침범,교차로,교차로부근,이륜차,소형,화물차,소형,949826,1780150,126.9431845,36.01688867
2016,2016-01-16,50,야간,토,1,1,0,0,0,전북,익산시,차대사람,횡단중,횡단중,운전자법규위반,안전운전 의무 불이행,교차로,교차로내,승용차,중형,보행자,보행자,952595,1786624,126.9735243,36.0753937
2016,2016-01-15,20,야간,금,1,1,0,0,0,광주,서구,차대사람,횡단중,횡단중,운전자법규위반,안전운전 의무 불이행,단일로,기타단일로,승합차,대형,보행자,보행자,944000,1684424,126.8851661,35.15350154
2016,2016-01-15,45,주간,금,1,1,0,0,0,전남,완도군,차량단독,전도전복,전도전복,운전자법규위반,안전운전 의무 불이행,단일로,기타단일로,승용차,중형,,,914645,1578273,126.5736232,34.1943026
2016,2016-01-22,45,야간,금,1,1,0,0,0,대구,달성군,차량단독,공작물충돌,공작물충돌,운전자법규위반,안전운전 의무 불이행,단일로,기타단일로,승용차,소형,,,1086918,1765649,128.4629603,35.88357978
2016,2016-01-18,13,야간,월,1,1,0,0,0,울산,울주군,차대사람,횡단중,횡단중,운전자법규위반,안전운전 의무 불이행,단일로,기타단일로,승용차,경형,보행자,보행자,1164744,1720804,129.3157122,35.46943822
2016,2016-01-18,5,야간,월,1,1,0,0,0,경기,오산시,차대사람,횡단중,횡단중,운전자법규위반,보행자 보호의무 위반,교차로,교차로부근,승합차,대형,보행자,보행자,962548,1904327,127.0783217,37.13689556
2016,2016-01-25,20,야간,월,1,1,0,0,0,경기,평택시,차대사람,횡단중,횡단중,운전자법규위반,안전운전 의무 불이행,단일로,기타단일로,승용차,중형,보행자,보행자,963561,1889934,127.0904253,37.00719581
2016,2016-01-23,28,야간,토,1,1,0,0,0,부산,사상구,차대차,추돌,진행중 추돌,운전자법규위반,안전운전 의무 불이행,고가도로위,고가도로위,화물차,소형,화물차,소형,1138042,1685319,129.0155564,35.15363913
2016,2016-01-23,0,주간,토,1,1,0,0,0,서울,관악구,차대사람,차도통행중,차도통행중,운전자법규위반,안전운전 의무 불이행,단일로,기타단일로,승용차,중형,보행자,보행자,950415,1943140,126.9391265,37.48617282
2016,2016-01-27,20,야간,수,1,1,0,0,0,경남,창원시(통합),차대사람,횡단중,횡단중,운전자법규위반,안전운전 의무 불이행,단일로,횡단보도상,승용차,중형,보행자,보행자,1104946,1694569,128.6534388,35.24104381
2016,2016-01-29,53,야간,금,1,1,0,0,0,서울,강서구,차대사람,차도통행중,차도통행중,운전자법규위반,안전운전 의무 불이행,단일로,기타단일로,승합차,대형,보행자,보행자,939223,1951550,126.8119866,37.56128421
2016,2016-01-28,50,주간,목,1,1,0,0,0,강원,춘천시,차대사람,횡단중,횡단중,운전자법규위반,안전운전 의무 불이행,단일로,횡단보도부근,승용차,중형,보행자,보행자,1007990,1981633,127.5908013,37.83442273
2016,2016-02-01,55,야간,월,1,1,0,0,0,전남,함평군,차대사람,횡단중,횡단중,운전자법규위반,과속,단일로,기타단일로,승용차,중형,보행자,보행자,912379,1670443,126.5395083,35.02518942
2016,2016-02-02,45,야간,화,1,1,0,0,0,전남,목포시,차대사람,횡단중,횡단중,운전자법규위반,안전운전 의무 불이행,단일로,기타단일로,승합차,경형,보행자,보행자,901924,1646392,126.4277426,34.807385
2016,2016-02-03,45,야간,수,1,1,0,0,0,서울,도봉구,차대사람,차도통행중,차도통행중,운전자법규위반,안전운전 의무 불이행,단일로,횡단보도상,승용차,중형,보행자,보행자,959793,1963808,127.0440664,37.67291482
2016,2016-02-01,10,주간,월,1,1,0,0,0,제주,제주시,차대사람,횡단중,횡단중,운전자법규위반,안전운전 의무 불이행,단일로,기타단일로,화물차,소형,보행자,보행자,908517,1501836,126.515055,33.50443332
2016,2016-02-01,0,주간,월,1,1,0,0,0,강원,원주시,차대사람,횡단중,횡단중,운전자법규위반,보행자 보호의무 위반,단일로,횡단보도상,승합차,경형,보행자,보행자,1037927,1928434,127.9282541,37.35417218
2016,2016-06-06,30,야간,월,1,2,0,1,0,경북,김천시,차대차,추돌,진행중 추돌,운전자법규위반,안전운전 의무 불이행,단일로,기타단일로,화물차,대형,승용차,중형,1068915,1796483,128.2662107,36.16298485
2016,2016-05-25,14,야간,수,2,10,1,5,2,경기,화성시,차대차,측면직각충돌,측면직각충돌,운전자법규위반,안전운전 의무 불이행,단일로,기타단일로,화물차,중형,특수차,대형,945481,1917780,126.8851874,37.25731637
2016,2016-12-07,40,주간,수,1,1,0,0,0,충남,금산군,차대사람,기타,기타,운전자법규위반,안전운전 의무 불이행,단일로,기타단일로,화물차,중형,보행자,보행자,1003062,1787835,127.5340116,36.08746332
2016,2016-12-31,40,야간,토,1,2,1,0,0,충남,당진시,차대차,추돌,진행중 추돌,운전자법규위반,안전거리 미확보,단일로,기타단일로,화물차,소형,화물차,대형,933448,1879779,126.75287,36.91401095
2016,2016-12-01,20,야간,목,1,1,0,0,0,전북,군산시,차대사람,횡단중,횡단중,운전자법규위반,보행자 보호의무 위반,교차로,교차로부근,승용차,경형,보행자,보행자,940463,1771633,126.8399223,35.93957731
2016,2016-12-02,50,야간,금,1,1,0,0,0,전북,부안군,차대사람,횡단중,횡단중,운전자법규위반,안전운전 의무 불이행,교차로,교차로부근,승용차,경형,보행자,보행자,926522,1736141,126.6886309,35.61865454
2016,2016-11-29,10,야간,화,1,1,0,0,0,경남,사천시,차대사람,기타,기타,운전자법규위반,보행자 보호의무 위반,단일로,기타단일로,승용차,경형,보행자,보행자,1052752,1660185,128.0776346,34.93511625
2016,2016-11-28,40,주간,월,1,1,0,0,0,충남,천안시,차대사람,횡단중,횡단중,운전자법규위반,보행자 보호의무 위반,단일로,횡단보도상,승용차,경형,보행자,보행자,968567,1875097,127.1473087,36.87363074
2016,2016-11-29,33,주간,화,1,1,0,0,0,경기,김포시,차대차,정면충돌,정면충돌,운전자법규위반,안전운전 의무 불이행,단일로,기타단일로,화물차,중형,원동기장치자전거,원동기장치자전거,923854,1969202,126.6359989,37.71924809
2016,2016-11-29,20,주간,화,1,1,0,0,0,충남,청양군,차량단독,공작물충돌,공작물충돌,운전자법규위반,안전운전 의무 불이행,단일로,기타단일로,화물차,소형,,,935643,1836878,126.7811229,36.52744779
2016,2016-12-29,0,야간,목,2,4,0,2,0,충남,아산시,차대차,기타,기타,운전자법규위반,안전운전 의무 불이행,단일로,기타단일로,승용차,중형,승용차,소형,952937,1868555,126.9723446,36.81400948
2016,2016-12-29,10,주간,목,1,1,0,0,0,인천,부평구,차대차,측면직각충돌,측면직각충돌,운전자법규위반,신호위반,교차로,교차로부근,자전거,자전거,승합차,대형,930712,1943847,126.7162799,37.4910573
2016,2016-12-30,10,주간,금,1,2,0,1,0,경기,용인시,차대차,측면직각충돌,측면직각충돌,운전자법규위반,중앙선 침범,단일로,기타단일로,승용차,경형,승용차,중형,982944,1908750,127.3078609,37.17735956
2016,2016-12-27,5,야간,화,1,1,0,0,0,경남,김해시,차대사람,횡단중,횡단중,운전자법규위반,안전운전 의무 불이행,단일로,기타단일로,화물차,중형,보행자,보행자,1125898,1693208,128.8834546,35.22636179
2016,2016-12-27,20,야간,화,1,1,0,0,0,경기,용인시,차대사람,횡단중,횡단중,운전자법규위반,신호위반,단일로,횡단보도상,화물차,중형,보행자,보행자,962891,1923794,127.080179,37.31329032
2016,2016-12-27,40,야간,화,1,4,0,2,1,강원,동해시,차대차,측면직각충돌,측면직각충돌,운전자법규위반,중앙선 침범,단일로,기타단일로,화물차,소형,승합차,대형,1145098,1942504,129.1408575,37.47037668
2016,2016-12-25,15,주간,일,1,1,0,0,0,충남,아산시,차량단독,전도전복,전도전복,운전자법규위반,안전운전 의무 불이행,기타/불명,기타/불명,승용차,경형,,,960735,1870975,127.0596457,36.83618019
2016,2016-12-28,5,주간,수,1,1,0,0,0,강원,원주시,차대사람,횡단중,횡단중,운전자법규위반,안전운전 의무 불이행,교차로,교차로내,승용차,중형,보행자,보행자,1039724,1927947,127.9485184,37.34970735
2016,2016-12-24,5,주간,토,1,1,0,0,0,경기,시흥시,차대차,측면직각충돌,측면직각충돌,운전자법규위반,부당한 회전,단일로,횡단보도상,자전거,자전거,승용차,경형,932354,1927263,126.7363009,37.3419271
2016,2016-12-24,49,야간,토,1,1,0,0,0,경기,여주시,차대사람,차도통행중,차도통행중,운전자법규위반,안전운전 의무 불이행,단일로,기타단일로,화물차,소형,보행자,보행자,995342,1933697,127.4473702,37.40237558
2016,2016-12-21,7,주간,수,1,1,0,0,0,강원,삼척시,차대차,측면직각충돌,측면직각충돌,운전자법규위반,안전운전 의무 불이행,교차로,교차로부근,화물차,소형,건설기계,건설기계,1141845,1933074,129.1022716,37.38591519
2016,2016-12-02,45,주간,금,1,5,3,1,0,광주,북구,차대차,측면직각충돌,측면직각충돌,운전자법규위반,안전운전 의무 불이행,단일로,기타단일로,승용차,중형,화물차,대형,942597,1691936,126.8692399,35.22115521
2016,2016-11-28,13,야간,월,1,1,0,0,0,경기,평택시,차대차,추돌,진행중 추돌,운전자법규위반,안전운전 의무 불이행,교차로,교차로부근,승용차,경형,화물차,소형,965137,1889030,127.108181,36.99910676
2016,2016-11-29,40,주간,화,1,1,0,0,0,서울,서대문구,차대사람,횡단중,횡단중,운전자법규위반,안전운전 의무 불이행,단일로,횡단보도부근,건설기계,건설기계,보행자,보행자,949644,1951961,126.929801,37.56563636
2016,2016-12-03,50,주간,토,1,1,0,0,0,인천,옹진군,차량단독,전도전복,전도전복,운전자법규위반,안전운전 의무 불이행,단일로,기타단일로,불명,불명,,,755186,1984097,124.7185165,37.8238069
2016,2016-11-29,42,주간,화,1,1,0,0,0,경기,파주시,차대사람,횡단중,횡단중,운전자법규위반,안전운전 의무 불이행,단일로,기타단일로,승용차,경형,보행자,보행자,937165,1984212,126.7857212,37.85553619
2016,2016-11-29,50,주간,화,1,1,0,0,0,전남,신안군,차량단독,전도전복,전도전복,운전자법규위반,안전운전 의무 불이행,단일로,기타단일로,화물차,경형,,,893667,1657530,126.3360716,34.90697404
2016,2016-12-01,30,주간,목,1,2,1,0,0,전남,곡성군,차량단독,전도전복,전도전복,운전자법규위반,안전운전 의무 불이행,단일로,기타단일로,원동기장치자전거,원동기장치자전거,,,985666,1700769,127.3423359,35.30234328
2016,2016-12-30,5,주간,금,1,2,0,1,0,강원,원주시,차대차,정면충돌,정면충돌,운전자법규위반,교차로 통행방법 위반,교차로,교차로내,화물차,소형,승합차,대형,1038952,1932702,127.9400523,37.39259974