발생년,발생년월일시분,발생분,주야,요일,사망자수,사상자수,중상자수,경상자수,부상신고자수,발생지시도,발생지시군구,사고유형_대분류,사고유형_중분류,사고유형,법규위반_대분류,법규위반,도로형태_대분류,도로형태,당사자종별_1당_대분류,당사자종별_1당,당사자종별_2당_대분류,당사자종별_2당,발생위치X_UTMK,발생위치Y_UTMK,경도,위도
2016,2016-12-30,5,야간,금,1,1,0,0,0,서울,광진구,차대차,정면충돌,정면충돌,운전자법규위반,중앙선 침범,단일로,기타단일로,원동기장치자전거,원동기장치자전거,승용차,중형,963179,1949064,127.0832037,37.54016542
2016,2016-12-28,15,야간,수,1,1,0,0,0,충남,홍성군,차대사람,횡단중,횡단중,운전자법규위반,과속,교차로,교차로내,승용차,경형,보행자,보행자,931885,1838090,126.7390417,36.53811279
2016,2016-12-23,31,주간,금,1,1,0,0,0,부산,진구,차대사람,보도통행중,보도통행중,운전자법규위반,안전운전 의무 불이행,단일로,기타단일로,건설기계,건설기계,보행자,보행자,1141214,1688375,129.0508715,35.18070739
2016,2016-12-23,50,주간,금,1,1,0,0,0,경기,여주시,차대사람,길가장자리구역통행중,길가장자리구역통행중,운전자법규위반,안전운전 의무 불이행,교차로,교차로내,승용차,중형,보행자,보행자,1012813,1928711,127.6446849,37.35735575
2016,2016-12-23,19,야간,금,1,1,0,0,0,경기,광주시,차대사람,횡단중,횡단중,운전자법규위반,안전운전 의무 불이행,교차로,교차로부근,승용차,중형,보행자,보행자,986435,1927744,127.3468412,37.34862866
2016,2016-12-03,50,주간,토,1,1,0,0,0,전남,영광군,차대사람,횡단중,횡단중,운전자법규위반,안전운전 의무 불이행,교차로,교차로부근,화물차,소형,보행자,보행자,909623,1691030,126.5070516,35.21055713
2016,2016-12-04,35,주간,일,1,1,0,0,0,전남,여수시,차량단독,기타,기타,운전자법규위반,안전운전 의무 불이행,단일로,기타단일로,자전거,자전거,,,1011856,1638323,127.6295169,34.73927599
2016,2016-11-30,40,야간,수,1,1,0,0,0,전북,전주시,차대사람,횡단중,횡단중,운전자법규위반,안전운전 의무 불이행,단일로,기타단일로,이륜차,소형,보행자,보행자,965316,1756914,127.1160969,35.80807075
2016,2016-11-30,50,주간,수,1,1,0,0,0,전북,익산시,차대차,측면직각충돌,측면직각충돌,운전자법규위반,서행 및 일시정지위반,교차로,교차로내,화물차,소형,원동기장치자전거,원동기장치자전거,952065,1792425,126.9672855,36.12766604
2016,2016-11-30,35,주간,수,1,1,0,0,0,경북,문경시,차대사람,횡단중,횡단중,운전자법규위반,안전운전 의무 불이행,교차로,교차로내,화물차,소형,보행자,보행자,1067176,1855429,128.2519853,36.69447709
2016,2016-11-30,5,주간,수,1,2,0,1,0,광주,광산구,차대차,측면직각충돌,측면직각충돌,운전자법규위반,과속,교차로,교차로부근,승용차,중형,자전거,자전거,937689,1686497,126.8157242,35.17182146
2016,2016-11-30,30,주간,수,1,1,0,0,0,강원,홍천군,차대차,측면직각충돌,측면직각충돌,운전자법규위반,안전운전 의무 불이행,교차로,교차로내,자전거,자전거,승용차,경형,1035310,1967022,127.9005604,37.70208469
2016,2016-12-30,10,주간,금,1,1,0,0,0,경기,성남시,차대사람,횡단중,횡단중,운전자법규위반,신호위반,교차로,교차로내,승합차,중형,보행자,보행자,967163,1935378,127.1289103,37.41695709
2016,2016-12-30,30,주간,금,1,2,0,0,1,경기,하남시,차대사람,보도통행중,보도통행중,운전자법규위반,중앙선 침범,단일로,교량위,화물차,소형,보행자,보행자,974257,1948590,127.2086162,37.53626904
2016,2016-12-29,30,야간,목,1,1,0,0,0,전남,광양시,차량단독,전도전복,전도전복,운전자법규위반,안전운전 의무 불이행,단일로,기타단일로,승용차,대형,,,1009637,1663871,127.6055701,34.96968208
2016,2016-12-29,50,야간,목,1,1,0,0,0,경북,의성군,차대사람,횡단중,횡단중,운전자법규위반,안전운전 의무 불이행,단일로,기타단일로,승용차,경형,보행자,보행자,1103635,1814755,128.654596,36.32459202
2016,2016-12-29,25,야간,목,1,1,0,0,0,경북,성주군,차대사람,횡단중,횡단중,운전자법규위반,안전운전 의무 불이행,기타/불명,기타/불명,승용차,소형,보행자,보행자,1069912,1770311,128.2749787,35.9269716
2016,2016-10-07,20,야간,금,1,2,1,0,0,서울,서초구,차대차,기타,기타,운전자법규위반,안전운전 의무 불이행,단일로,기타단일로,승용차,중형,승용차,중형,959830,1939882,127.0457972,37.45726464
2016,2016-12-05,35,야간,월,1,2,1,0,0,경기,시흥시,차대차,정면충돌,정면충돌,운전자법규위반,중앙선 침범,단일로,기타단일로,승용차,중형,승용차,중형,935646,1937178,126.7726007,37.43152617
2016,2016-01-25,23,야간,월,1,3,0,2,0,대전,대덕구,차대차,추돌,진행중 추돌,운전자법규위반,안전운전 의무 불이행,단일로,기타단일로,화물차,대형,승합차,대형,992723,1827808,127.4187974,36.44781872
2016,2016-12-29,35,주간,목,1,1,0,0,0,경북,영양군,차량단독,전도전복,전도전복,운전자법규위반,안전운전 의무 불이행,단일로,기타단일로,원동기장치자전거,원동기장치자전거,,,1140531,1858501,129.0734969,36.71414441
2016,2016-12-28,30,야간,수,1,1,0,0,0,충북,보은군,차량단독,전도전복,전도전복,운전자법규위반,안전운전 의무 불이행,단일로,기타단일로,이륜차,소형,,,1019624,1832395,127.7190961,36.48899808
2016,2016-12-26,45,야간,월,1,1,0,0,0,울산,중구,차대사람,기타,기타,운전자법규위반,안전운전 의무 불이행,단일로,기타단일로,승용차,중형,보행자,보행자,1167281,1733195,129.3462173,35.58068173
2016,2016-12-21,18,주간,수,1,1,0,0,0,충북,단양군,차대사람,횡단중,횡단중,운전자법규위반,안전운전 의무 불이행,단일로,기타단일로,화물차,소형,보행자,보행자,1072150,1899724,128.3118786,37.09337376
2016,2016-12-26,0,주간,월,1,1,0,0,0,경기,양평군,차대사람,기타,기타,운전자법규위반,안전운전 의무 불이행,교차로,교차로내,화물차,중형,보행자,보행자,995826,1944666,127.4527767,37.50124957
2016,2016-12-25,10,야간,일,1,1,0,0,0,경남,밀양시,차대사람,횡단중,횡단중,운전자법규위반,안전운전 의무 불이행,단일로,기타단일로,승용차,경형,보행자,보행자,1109816,1712066,128.7093,35.39825658
2016,2016-12-25,37,야간,일,1,1,0,0,0,경남,진주시,차대차,추돌,진행중 추돌,운전자법규위반,중앙선 침범,단일로,기타단일로,원동기장치자전거,원동기장치자전거,화물차,소형,1060280,1683998,128.161791,35.14941291
2016,2016-12-22,38,야간,목,1,1,0,0,0,강원,동해시,차량단독,전도전복,전도전복,운전자법규위반,안전운전 의무 불이행,단일로,기타단일로,승용차,경형,,,1140041,1943595,129.0838977,37.48098708
2016,2016-12-04,15,주간,일,1,1,0,0,0,대전,동구,차대차,측면직각충돌,측면직각충돌,운전자법규위반,안전운전 의무 불이행,단일로,횡단보도상,승용차,경형,자전거,자전거,994837,1816270,127.4424638,36.34381342
2016,2016-12-03,30,야간,토,1,4,1,2,0,대전,서구,차대차,추돌,진행중 추돌,운전자법규위반,신호위반,교차로,교차로내,승용차,중형,승용차,대형,987462,1817944,127.3602504,36.35883735
2016,2016-11-29,22,주간,화,1,1,0,0,0,강원,고성군,차량단독,전도전복,전도전복,운전자법규위반,안전운전 의무 불이행,단일로,기타단일로,승용차,소형,,,1093030,2028711,128.5632621,38.25394664
2016,2016-11-30,5,야간,수,1,1,0,0,0,대전,유성구,차대사람,횡단중,횡단중,운전자법규위반,안전운전 의무 불이행,단일로,횡단보도부근,승용차,경형,보행자,보행자,984286,1816611,127.3248774,36.34677321
2016,2016-11-26,30,주간,토,1,1,0,0,0,부산,연제구,차대사람,횡단중,횡단중,운전자법규위반,안전운전 의무 불이행,교차로,교차로부근,승용차,중형,보행자,보행자,1144740,1687716,129.089606,35.17430955
2016,2016-12-03,15,주간,토,1,4,1,2,0,전북,김제시,차대차,추돌,진행중 추돌,운전자법규위반,안전운전 의무 불이행,단일로,기타단일로,특수차,대형,승용차,중형,938314,1752744,126.8175591,35.76914976
2016,2016-12-03,57,야간,토,1,1,0,0,0,제주,제주시,차대사람,횡단중,횡단중,운전자법규위반,보행자 보호의무 위반,단일로,기타단일로,화물차,소형,보행자,보행자,908676,1503173,126.516577,33.51673666
2016,2016-11-29,18,주간,화,1,1,0,0,0,경남,산청군,차량단독,전도전복,전도전복,운전자법규위반,안전운전 의무 불이행,단일로,기타단일로,이륜차,소형,,,1046639,1710283,128.0135312,35.3871417
2016,2016-12-29,10,주간,목,1,2,0,1,0,울산,북구,차대차,측면직각충돌,측면직각충돌,운전자법규위반,차로위반(진로변경 위반),단일로,기타단일로,이륜차,소형,승용차,경형,1168701,1731035,129.3614315,35.56097518
2016,2016-12-29,40,야간,목,1,1,0,0,0,제주,제주시,차대사람,횡단중,횡단중,운전자법규위반,안전운전 의무 불이행,교차로,교차로부근,승용차,경형,보행자,보행자,910168,1500744,126.5334263,33.49471017
2016,2016-12-30,5,야간,금,1,1,0,0,0,강원,강릉시,차대사람,횡단중,횡단중,운전자법규위반,안전운전 의무 불이행,단일로,기타단일로,승용차,중형,보행자,보행자,1123958,1973171,128.9070621,37.74978808
2016,2016-12-30,30,야간,금,1,1,0,0,0,경기,성남시,차대사람,기타,기타,운전자법규위반,안전운전 의무 불이행,교차로,교차로부근,승용차,경형,승용차,경형,969154,1938264,127.1512895,37.44303884
2016,2016-12-30,5,야간,금,1,1,0,0,0,서울,도봉구,차대사람,횡단중,횡단중,운전자법규위반,과속,단일로,기타단일로,승용차,중형,보행자,보행자,959921,1965617,127.0454183,37.68922512
2016,2016-12-29,35,주간,목,1,1,0,0,0,전북,남원시,차대차,측면직각충돌,측면직각충돌,운전자법규위반,안전운전 의무 불이행,교차로,교차로내,승용차,대형,자전거,자전거,988180,1711295,127.3694128,35.39739757
2016,2016-12-22,25,주간,목,1,1,0,0,0,경기,평택시,차대사람,횡단중,횡단중,운전자법규위반,안전운전 의무 불이행,단일로,횡단보도상,승용차,경형,보행자,보행자,947920,1881642,126.9151995,36.93171483
2016,2016-12-22,25,주간,목,1,5,2,2,0,전남,장성군,차대차,측면직각충돌,측면직각충돌,운전자법규위반,안전운전 의무 불이행,교차로,교차로내,승용차,소형,승용차,소형,935487,1701683,126.7903524,35.30860536
2016,2016-12-27,20,야간,화,1,1,0,0,0,경북,경주시,차대사람,길가장자리구역통행중,길가장자리구역통행중,운전자법규위반,안전운전 의무 불이행,단일로,기타단일로,화물차,소형,보행자,보행자,1156140,1760175,129.2285521,35.82565366
2016,2016-11-27,5,야간,일,1,2,0,1,0,전남,진도군,차대사람,횡단중,횡단중,운전자법규위반,안전운전 의무 불이행,단일로,기타단일로,승용차,중형,보행자,보행자,892314,1612270,126.3270382,34.49876814
2016,2016-11-27,40,야간,일,1,1,0,0,0,서울,동대문구,차대사람,횡단중,횡단중,운전자법규위반,안전운전 의무 불이행,단일로,횡단보도상,승합차,대형,보행자,보행자,960889,1954444,127.0569956,37.58856263
2016,2016-12-02,25,야간,금,1,1,0,0,0,경남,창원시(통합),차량단독,기타,기타,운전자법규위반,안전운전 의무 불이행,기타/불명,기타/불명,이륜차,소형,,,1110326,1689479,128.7118754,35.19457907
2016,2016-12-31,50,야간,토,1,1,0,0,0,충남,청양군,차대사람,차도통행중,차도통행중,운전자법규위반,안전운전 의무 불이행,단일로,기타단일로,화물차,경형,보행자,보행자,933928,1823472,126.7631121,36.40648254
2016,2016-12-01,45,주간,목,1,1,0,0,0,경기,성남시,차대사람,기타,기타,운전자법규위반,안전운전 의무 불이행,단일로,터널안,화물차,소형,보행자,보행자,964999,1932794,127.1045779,37.39358667
2016,2016-12-02,0,주간,금,1,1,0,0,0,경북,경주시,차대사람,횡단중,횡단중,운전자법규위반,안전운전 의무 불이행,단일로,기타단일로,승합차,대형,보행자,보행자,1160853,1749442,129.2785492,35.72816717
2016,2016-12-04,55,주간,일,1,1,0,0,0,강원,태백시,차량단독,공작물충돌,공작물충돌,운전자법규위반,안전운전 의무 불이행,단일로,기타단일로,승용차,소형,,,1133832,1904692,129.0066832,37.13135951
2016,2016-12-02,15,야간,금,1,1,0,0,0,서울,마포구,차대차,정면충돌,정면충돌,운전자법규위반,중앙선 침범,교차로,교차로부근,승용차,경형,승용차,대형,945440,1953949,126.882052,37.58331476
2016,2016-12-01,28,야간,목,1,2,0,1,0,울산,남구,차대차,추돌,진행중 추돌,운전자법규위반,안전운전 의무 불이행,단일로,기타단일로,승용차,중형,승합차,대형,1162180,1728074,129.2889183,35.53537931
2016,2016-12-02,2,야간,금,1,1,0,0,0,부산,강서구,차대사람,차도통행중,차도통행중,운전자법규위반,안전운전 의무 불이행,단일로,기타단일로,승용차,경형,보행자,보행자,1126221,1680679,128.885086,35.11337798
2016,2016-12-02,40,주간,금,1,1,0,0,0,경기,의정부시,차대사람,횡단중,횡단중,운전자법규위반,안전운전 의무 불이행,단일로,기타단일로,화물차,중형,보행자,보행자,961101,1972179,127.0584508,37.74841968
2016,2016-11-30,7,주간,수,1,1,0,0,0,경남,김해시,차대차,측면직각충돌,측면직각충돌,운전자법규위반,교차로 통행방법 위반,교차로,교차로내,자전거,자전거,화물차,소형,1124679,1692303,128.8699256,35.21835598
2016,2016-12-30,0,야간,금,1,1,0,0,0,경남,하동군,차량단독,전도전복,전도전복,운전자법규위반,안전운전 의무 불이행,기타/불명,기타/불명,원동기장치자전거,원동기장치자전거,,,1028107,1666501,127.8079898,34.99305325
2016,2016-12-22,55,야간,목,1,1,0,0,0,경북,경주시,차대사람,횡단중,횡단중,운전자법규위반,안전운전 의무 불이행,단일로,기타단일로,승용차,경형,보행자,보행자,0,0,117.9926028,19.69447709
2016,2016-12-23,25,야간,금,1,1,0,0,0,서울,송파구,차대사람,횡단중,횡단중,운전자법규위반,안전운전 의무 불이행,교차로,교차로내,승용차,대형,보행자,보행자,966117,1943682,127.1186118,37.49242113
2016,2016-12-23,10,주간,금,1,1,0,0,0,경북,포항시,차대차,측면직각충돌,측면직각충돌,운전자법규위반,안전운전 의무 불이행,단일로,기타단일로,특수차,대형,승용차,경형,1169489,1778873,129.3802476,35.99192982
2016,2016-11-27,55,야간,일,1,1,0,0,0,충남,서산시,차대사람,차도통행중,차도통행중,운전자법규위반,안전운전 의무 불이행,단일로,기타단일로,승용차,대형,보행자,보행자,907878,1865000,126.4676437,36.77865303
2016,2016-01-25,5,주간,월,1,4,0,3,0,경기,광주시,차량단독,공작물충돌,공작물충돌,운전자법규위반,안전운전 의무 불이행,단일로,기타단일로,승용차,경형,,,978166,1939636,127.2531274,37.45566225
2016,2016-02-11,38,주간,목,2,2,0,0,0,강원,강릉시,차량단독,전도전복,전도전복,운전자법규위반,안전운전 의무 불이행,단일로,기타단일로,화물차,소형,,,1117391,1975581,128.8329281,37.77237043
2016,2016-04-15,2,야간,금,1,1,0,0,0,전북,김제시,차대차,추돌,진행중 추돌,운전자법규위반,안전운전 의무 불이행,단일로,기타단일로,화물차,경형,화물차,중형,954632,1752044,126.9981198,35.76372744
2016,2016-12-21,59,야간,수,1,3,0,0,2,경기,오산시,차량단독,전도전복,전도전복,운전자법규위반,안전운전 의무 불이행,단일로,기타단일로,화물차,소형,,,963064,1905822,127.0840575,37.15039198
2016,2016-11-06,25,야간,일,1,8,3,4,0,경기,광주시,차대차,기타,기타,운전자법규위반,안전운전 의무 불이행,단일로,기타단일로,승용차,중형,승용차,중형,982760,1934511,127.3051903,37.40956404
2016,2016-09-25,23,야간,일,1,2,1,0,0,충남,공주시,차대차,기타,기타,운전자법규위반,과속,단일로,기타단일로,승용차,소형,화물차,소형,961737,1819612,127.0734399,36.37319522
2016,2016-09-24,50,야간,토,1,2,0,1,0,경남,진주시,차량단독,공작물충돌,공작물충돌,운전자법규위반,안전운전 의무 불이행,단일로,기타단일로,승용차,대형,,,1052041,1684443,128.0713705,35.15388563
2016,2016-11-11,40,야간,금,1,1,0,0,0,전남,무안군,차량단독,공작물충돌,공작물충돌,운전자법규위반,안전운전 의무 불이행,단일로,터널안,화물차,중형,,,908238,1665588,126.4946568,34.98104879
2016,2016-12-02,50,주간,금,1,1,0,0,0,경북,예천군,차량단독,공작물충돌,공작물충돌,운전자법규위반,안전운전 의무 불이행,단일로,기타단일로,화물차,소형,,,1088225,1855310,128.4875715,36.69168329
2016,2016-12-03,27,주간,토,1,1,0,0,0,대구,서구,차대사람,기타,기타,운전자법규위반,안전운전 의무 불이행,단일로,기타단일로,승용차,대형,보행자,보행자,1096291,1763544,128.5662058,35.86348447
2016,2016-12-29,23,야간,목,1,1,0,0,0,제주,제주시,차대사람,횡단중,횡단중,운전자법규위반,안전운전 의무 불이행,단일로,기타단일로,승용차,소형,보행자,보행자,896605,1496214,126.3874595,33.45285031
2016,2016-12-04,0,야간,일,1,1,0,0,0,경북,청도군,차량단독,전도전복,전도전복,운전자법규위반,안전운전 의무 불이행,단일로,기타단일로,승용차,소형,,,1099474,1739281,128.598772,35.64468629
2016,2016-12-04,30,야간,일,1,1,0,0,0,경기,연천군,차대사람,차도통행중,차도통행중,운전자법규위반,안전운전 의무 불이행,단일로,기타단일로,승용차,대형,보행자,보행자,962222,2011146,127.0691307,38.09966697
2016,2016-12-23,35,야간,금,2,4,1,1,0,서울,관악구,차대차,정면충돌,정면충돌,운전자법규위반,중앙선 침범,단일로,기타단일로,이륜차,대형,원동기장치자전거,원동기장치자전거,949509,1942381,126.9289309,37.47928267
2016,2016-12-03,40,야간,토,1,1,0,0,0,경기,안산시,차대사람,기타,기타,운전자법규위반,안전운전 의무 불이행,단일로,기타단일로,승용차,중형,보행자,보행자,936423,1926671,126.7822858,37.33687889
2016,2016-11-29,14,야간,화,1,1,0,0,0,대전,서구,차대사람,기타,기타,운전자법규위반,안전운전 의무 불이행,단일로,기타단일로,승용차,중형,보행자,보행자,987243,1817320,127.3578196,36.35320887
2016,2016-11-30,0,주간,수,1,1,0,0,0,서울,서초구,차대차,추돌,진행중 추돌,운전자법규위반,안전거리 미확보,지하도로내,지하도로내,승용차,경형,건설기계,건설기계,955750,1944704,126.9993762,37.50054073
2016,2016-12-03,25,주간,토,1,2,1,0,0,경남,밀양시,차대차,측면직각충돌,측면직각충돌,운전자법규위반,교차로 통행방법 위반,교차로,교차로내,화물차,소형,원동기장치자전거,원동기장치자전거,1112113,1709825,128.7342817,35.37779865
2016,2016-12-01,14,야간,목,1,1,0,0,0,경기,수원시,차량단독,전도전복,전도전복,운전자법규위반,안전운전 의무 불이행,지하도로내,지하도로내,승용차,경형,,,955139,1919136,126.9940149,37.27005436
2016,2016-12-01,50,주간,목,1,2,0,1,0,경북,영천시,차대사람,횡단중,횡단중,운전자법규위반,보행자 보호의무 위반,단일로,기타단일로,이륜차,소형,보행자,보행자,1129300,1775588,128.9340151,35.96848097
2016,2016-12-30,0,야간,금,1,1,0,0,0,충남,당진시,차대사람,횡단중,횡단중,운전자법규위반,안전운전 의무 불이행,단일로,기타단일로,승용차,경형,보행자,보행자,930584,1877888,126.720894,36.89675943
2016,2016-12-31,49,야간,토,1,1,0,0,0,경남,거제시,차대사람,기타,기타,운전자법규위반,안전운전 의무 불이행,단일로,기타단일로,승용차,중형,보행자,보행자,1091964,1656373,128.5065402,34.89794677
2016,2016-12-30,30,야간,금,1,1,0,0,0,서울,동작구,차대사람,횡단중,횡단중,운전자법규위반,안전운전 의무 불이행,교차로,교차로내,승용차,중형,보행자,보행자,950532,1946181,126.9402453,37.51358835
2016,2016-12-30,0,야간,금,1,1,0,0,0,전북,부안군,차대사람,길가장자리구역통행중,길가장자리구역통행중,운전자법규위반,안전운전 의무 불이행,단일로,기타단일로,승용차,경형,보행자,보행자,925142,1741374,126.6729078,35.66572929
2016,2016-12-29,0,야간,목,1,2,0,1,0,경기,성남시,차대차,추돌,진행중 추돌,운전자법규위반,신호위반,교차로,교차로내,승합차,중형,이륜차,소형,967157,1935375,127.1288426,37.41692984
2016,2016-04-27,50,야간,수,2,3,0,1,0,경기,고양시,차대사람,횡단중,횡단중,운전자법규위반,과속,교차로,교차로부근,승용차,중형,보행자,보행자,936551,1961231,126.7807498,37.64837585
2016,2016-05-17,30,야간,화,1,1,0,0,0,전남,무안군,차대차,추돌,진행중 추돌,운전자법규위반,과속,단일로,기타단일로,승용차,소형,승용차,소형,901926,1652035,126.4271047,34.85826308
2016,2016-05-18,54,주간,수,1,1,0,0,0,전남,해남군,차대사람,횡단중,횡단중,운전자법규위반,안전운전 의무 불이행,교차로,교차로내,화물차,소형,보행자,보행자,902285,1620733,126.4346575,34.57606966
2016,2016-06-11,12,야간,토,1,1,0,0,0,경기,안양시,차대사람,횡단중,횡단중,운전자법규위반,안전운전 의무 불이행,교차로,교차로내,승용차,중형,보행자,보행자,952126,1931894,126.9592092,37.38489884
2016,2016-08-14,45,야간,일,2,4,2,0,0,경남,밀양시,차대차,정면충돌,정면충돌,운전자법규위반,중앙선 침범,단일로,기타단일로,승용차,경형,승용차,경형,1115542,1727553,128.7745427,35.53721668
2016,2016-08-25,40,주간,목,1,1,0,0,0,경기,성남시,차대사람,횡단중,횡단중,운전자법규위반,과속,교차로,교차로부근,승합차,대형,보행자,보행자,968357,1938865,127.1422538,37.44842908
2016,2016-11-04,25,주간,금,1,3,2,0,0,충남,논산시,차대차,측면직각충돌,측면직각충돌,운전자법규위반,과속,교차로,교차로내,화물차,소형,농기계,농기계,961720,1799288,127.0742467,36.18996822
2016,2016-12-05,45,야간,월,1,1,0,0,0,광주,남구,차대사람,횡단중,횡단중,운전자법규위반,안전운전 의무 불이행,교차로,교차로부근,승용차,중형,보행자,보행자,945456,1682548,126.9012749,35.13666622
2016,2016-12-13,45,야간,화,1,1,0,0,0,전북,남원시,차대사람,횡단중,횡단중,운전자법규위반,과속,교차로,교차로부근,승용차,중형,보행자,보행자,998685,1721915,127.486644,35.49324632
2016,2016-12-16,0,야간,금,1,1,0,0,0,대구,중구,차대사람,횡단중,횡단중,운전자법규위반,안전운전 의무 불이행,단일로,기타단일로,승용차,중형,보행자,보행자,1097616,1764316,128.5813017,35.87055484
2016,2016-10-04,20,주간,화,1,5,0,4,0,충남,홍성군,차대차,추돌,진행중 추돌,운전자법규위반,안전운전 의무 불이행,단일로,기타단일로,화물차,대형,화물차,중형,915317,1847722,126.5529101,36.62360946
2016,2016-08-29,59,주간,월,1,2,1,0,0,경기,성남시,차대차,추돌,진행중 추돌,운전자법규위반,안전운전 의무 불이행,단일로,기타단일로,화물차,소형,화물차,소형,963940,1934068,127.092552,37.40502937
2016,2016-01-14,55,주간,목,1,1,0,0,0,전남,여수시,차량단독,기타,기타,운전자법규위반,기타(운전자법규위반),단일로,기타단일로,특수차,대형,,,1016810,1647921,127.6838269,34.82575848
2016,2016-01-21,0,주간,목,1,1,0,0,0,경기,성남시,차대사람,횡단중,횡단중,운전자법규위반,안전운전 의무 불이행,단일로,기타단일로,승용차,중형,보행자,보행자,971587,1937861,127.1788094,37.4394843
2016,2016-10-25,45,야간,화,1,1,0,0,0,경남,양산시,차대사람,횡단중,횡단중,운전자법규위반,안전운전 의무 불이행,기타/불명,기타/불명,승용차,경형,보행자,보행자,1143163,1719175,129.0776588,35.45809918
2016,2016-06-24,20,주간,금,2,2,0,0,0,전남,곡성군,차량단독,공작물충돌,공작물충돌,운전자법규위반,안전운전 의무 불이행,단일로,기타단일로,승용차,경형,,,978061,1680067,127.2592383,35.11553433
2016,2016-07-19,0,주간,화,1,1,0,0,0,경기,여주시,차량단독,전도전복,전도전복,운전자법규위반,안전운전 의무 불이행,단일로,기타단일로,농기계,농기계,,,1004344,1926476,127.5490396,37.33728801
2016,2016-05-23,50,야간,월,1,3,0,1,1,경기,용인시,차대차,추돌,진행중 추돌,운전자법규위반,안전운전 의무 불이행,단일로,기타단일로,승용차,중형,화물차,소형,982160,1915879,127.2988586,37.24160611
2016,2016-07-28,40,야간,목,1,1,0,0,0,경북,구미시,차대차,추돌,진행중 추돌,운전자법규위반,안전운전 의무 불이행,단일로,기타단일로,화물차,중형,화물차,대형,1066351,1809985,128.2388497,36.28488245
2016,2016-09-06,30,야간,화,1,1,0,0,0,울산,울주군,차량단독,전도전복,전도전복,운전자법규위반,안전운전 의무 불이행,단일로,기타단일로,화물차,소형,,,1151692,1743035,129.176087,35.67187834
2016,2016-08-09,20,야간,화,1,2,1,0,0,경기,평택시,차대차,기타,기타,운전자법규위반,안전운전 의무 불이행,단일로,기타단일로,승용차,대형,화물차,대형,948819,1894612,126.9244135,37.04867554
2016,2016-12-27,35,주간,화,1,9,5,3,0,경북,영덕군,차대차,추돌,진행중 추돌,운전자법규위반,안전운전 의무 불이행,단일로,기타단일로,승용차,소형,승용차,중형,1167376,1822515,129.3661274,36.38554804
2016,2016-10-17,50,주간,월,1,1,0,0,0,경북,성주군,차량단독,공작물충돌,공작물충돌,운전자법규위반,안전운전 의무 불이행,단일로,기타단일로,승용차,중형,,,1072890,1766172,128.3076079,35.88944013
2016,2016-12-27,40,야간,화,1,1,0,0,0,충남,태안군,차대사람,횡단중,횡단중,운전자법규위반,안전운전 의무 불이행,단일로,기타단일로,승용차,중형,보행자,보행자,892233,1861891,126.2927916,36.74898178
2016,2016-11-11,25,주간,금,1,1,0,0,0,경남,김해시,차대차,측면직각충돌,측면직각충돌,운전자법규위반,안전운전 의무 불이행,교차로,교차로내,건설기계,건설기계,화물차,소형,1134747,1698229,128.9814888,35.27047112
2016,2016-09-25,24,야간,일,1,1,0,0,0,경기,성남시,차대사람,횡단중,횡단중,운전자법규위반,신호위반,단일로,횡단보도상,승합차,중형,보행자,보행자,967112,1937541,127.1282375,37.43645167
2016,2016-09-02,5,야간,금,1,1,0,0,0,서울,동대문구,차대사람,횡단중,횡단중,운전자법규위반,안전운전 의무 불이행,교차로,교차로내,승용차,경형,보행자,보행자,961401,1952127,127.0629169,37.56770048
2016,2016-01-27,10,야간,수,1,1,0,0,0,경북,구미시,차대차,추돌,진행중 추돌,운전자법규위반,안전운전 의무 불이행,교차로,교차로부근,이륜차,소형,승용차,경형,1072111,1804808,128.302507,36.23780005
2016,2016-02-03,12,야간,수,1,1,0,0,0,전남,해남군,차대사람,횡단중,횡단중,운전자법규위반,안전운전 의무 불이행,교차로,교차로부근,승용차,중형,보행자,보행자,921181,1623791,126.6403651,34.60526797
2016,2016-03-27,35,주간,일,1,1,0,0,0,강원,원주시,차량단독,공작물충돌,공작물충돌,운전자법규위반,안전운전 의무 불이행,단일로,기타단일로,승용차,대형,,,1043154,1921946,127.9868957,37.2954635
2016,2016-04-06,3,야간,수,1,1,0,0,0,전남,담양군,차대사람,횡단중,횡단중,운전자법규위반,안전운전 의무 불이행,단일로,기타단일로,승용차,소형,보행자,보행자,950746,1698481,126.9583872,35.2806027
2016,2016-05-04,25,야간,수,1,1,0,0,0,경기,고양시,차대사람,횡단중,횡단중,운전자법규위반,보행자 보호의무 위반,단일로,횡단보도상,승용차,소형,보행자,보행자,935101,1963511,126.7641112,37.6688234
2016,2016-07-04,5,주간,월,1,1,0,0,0,경기,김포시,차대차,정면충돌,정면충돌,운전자법규위반,교차로 통행방법 위반,교차로,교차로내,승용차,경형,이륜차,소형,916715,1968831,126.5550474,37.71528317
2016,2016-07-07,20,야간,목,1,1,0,0,0,경기,남양주시,차대차,정면충돌,정면충돌,운전자법규위반,부당한 회전,단일로,기타단일로,자전거,자전거,승용차,중형,984411,1952352,127.3234682,37.57040565